

IF (SELECT COUNT(*) FROM ZRAD.[ADDRESS_TYPE_DIMENSION])=0
BEGIN
INSERT ZRAD.[ADDRESS_TYPE_DIMENSION] ([ADDRESS_TYPE_ANCHOR_IDENTIFIER], [ADDRESS_TYPE_CODE], [ADDRESS_TYPE_NAME], [ADDRESS_TYPE_DESCRIPTION], [RECORD_INCLUSION_DATE], [RECORD_UPDATE_DATE]) VALUES (CAST(-3 AS Numeric(12, 0)), N'-3', N'Missing value', N'Value missing in source data', GETDATE(), GETDATE())
INSERT ZRAD.[ADDRESS_TYPE_DIMENSION] ([ADDRESS_TYPE_ANCHOR_IDENTIFIER], [ADDRESS_TYPE_CODE], [ADDRESS_TYPE_NAME], [ADDRESS_TYPE_DESCRIPTION], [RECORD_INCLUSION_DATE], [RECORD_UPDATE_DATE]) VALUES (CAST(-2 AS Numeric(12, 0)), N'-2', N'To be regularized', N'Value not present in reference data', GETDATE(), GETDATE())
INSERT ZRAD.[ADDRESS_TYPE_DIMENSION] ([ADDRESS_TYPE_ANCHOR_IDENTIFIER], [ADDRESS_TYPE_CODE], [ADDRESS_TYPE_NAME], [ADDRESS_TYPE_DESCRIPTION], [RECORD_INCLUSION_DATE], [RECORD_UPDATE_DATE]) VALUES (CAST(-1 AS Numeric(12, 0)), N'-1', N'Not applicable', N'Not applicable', GETDATE(), GETDATE())
END	

IF (SELECT COUNT(*) FROM ZRAD.[TIME_YEAR_DIMENSION])=0
BEGIN
INSERT ZRAD.[TIME_YEAR_DIMENSION] ([TIME_YEAR_ANCHOR_IDENTIFIER], [TIME_YEAR_NUMBER], [TIME_YEAR_DESCRIPTION]) VALUES (CAST(-3 AS Numeric(12, 0)), CAST(-3 AS Numeric(4, 0)), N'-3')
INSERT ZRAD.[TIME_YEAR_DIMENSION] ([TIME_YEAR_ANCHOR_IDENTIFIER], [TIME_YEAR_NUMBER], [TIME_YEAR_DESCRIPTION]) VALUES (CAST(-2 AS Numeric(12, 0)), CAST(-2 AS Numeric(4, 0)), N'-2')
INSERT ZRAD.[TIME_YEAR_DIMENSION] ([TIME_YEAR_ANCHOR_IDENTIFIER], [TIME_YEAR_NUMBER], [TIME_YEAR_DESCRIPTION]) VALUES (CAST(-1 AS Numeric(12, 0)), CAST(-1 AS Numeric(4, 0)), N'-1')
END


IF (SELECT COUNT(*) FROM ZRAD.[TIME_SEMESTER_DIMENSION])=0
BEGIN
INSERT ZRAD.[TIME_SEMESTER_DIMENSION] ([TIME_SEMESTER_ANCHOR_IDENTIFIER], [TIME_SEMESTER_NUMBER], [TIME_SEMESTER_DESCRIPTION], [TIME_YEAR_IDENTIFIER]) VALUES (CAST(-3 AS Numeric(12, 0)), N'-3', N'-3', CAST(-3 AS Numeric(12, 0)))
INSERT ZRAD.[TIME_SEMESTER_DIMENSION] ([TIME_SEMESTER_ANCHOR_IDENTIFIER], [TIME_SEMESTER_NUMBER], [TIME_SEMESTER_DESCRIPTION], [TIME_YEAR_IDENTIFIER]) VALUES (CAST(-2 AS Numeric(12, 0)), N'-2', N'-2', CAST(-2 AS Numeric(12, 0)))
INSERT ZRAD.[TIME_SEMESTER_DIMENSION] ([TIME_SEMESTER_ANCHOR_IDENTIFIER], [TIME_SEMESTER_NUMBER], [TIME_SEMESTER_DESCRIPTION], [TIME_YEAR_IDENTIFIER]) VALUES (CAST(-1 AS Numeric(12, 0)), N'-1', N'-1', CAST(-1 AS Numeric(12, 0)))
END

IF (SELECT COUNT(*) FROM ZRAD.[TIME_QUARTER_DIMENSION])=0
BEGIN
INSERT ZRAD.[TIME_QUARTER_DIMENSION] ([TIME_QUARTER_ANCHOR_IDENTIFIER], [TIME_QUARTER_NUMBER], [TIME_QUARTER_DESCRIPTION], [TIME_SEMESTER_IDENTIFIER], [TIME_YEAR_IDENTIFIER]) VALUES (CAST(-3 AS Numeric(12, 0)), N'-3', N'-3', CAST(-3 AS Numeric(12, 0)), CAST(-3 AS Numeric(12, 0)))
INSERT ZRAD.[TIME_QUARTER_DIMENSION] ([TIME_QUARTER_ANCHOR_IDENTIFIER], [TIME_QUARTER_NUMBER], [TIME_QUARTER_DESCRIPTION], [TIME_SEMESTER_IDENTIFIER], [TIME_YEAR_IDENTIFIER]) VALUES (CAST(-2 AS Numeric(12, 0)), N'-2', N'-2', CAST(-2 AS Numeric(12, 0)), CAST(-2 AS Numeric(12, 0)))
INSERT ZRAD.[TIME_QUARTER_DIMENSION] ([TIME_QUARTER_ANCHOR_IDENTIFIER], [TIME_QUARTER_NUMBER], [TIME_QUARTER_DESCRIPTION], [TIME_SEMESTER_IDENTIFIER], [TIME_YEAR_IDENTIFIER]) VALUES (CAST(-1 AS Numeric(12, 0)), N'-1', N'-1', CAST(-1 AS Numeric(12, 0)), CAST(-1 AS Numeric(12, 0)))
END

IF (SELECT COUNT(*) FROM ZRAD.[TIME_MONTH_DIMENSION])=0
BEGIN
INSERT ZRAD.[TIME_MONTH_DIMENSION] ([TIME_MONTH_ANCHOR_IDENTIFIER], [TIME_MONTH_NUMBER], [TIME_MONTH_DESCRIPTION], [TIME_QUARTER_IDENTIFIER], [TIME_SEMESTER_IDENTIFIER], [TIME_YEAR_IDENTIFIER]) VALUES (CAST(-3 AS Numeric(12, 0)), N'-3', N'-3', CAST(-3 AS Numeric(12, 0)), CAST(-3 AS Numeric(12, 0)), CAST(-3 AS Numeric(12, 0)))
INSERT ZRAD.[TIME_MONTH_DIMENSION] ([TIME_MONTH_ANCHOR_IDENTIFIER], [TIME_MONTH_NUMBER], [TIME_MONTH_DESCRIPTION], [TIME_QUARTER_IDENTIFIER], [TIME_SEMESTER_IDENTIFIER], [TIME_YEAR_IDENTIFIER]) VALUES (CAST(-2 AS Numeric(12, 0)), N'-2', N'-2', CAST(-2 AS Numeric(12, 0)), CAST(-2 AS Numeric(12, 0)), CAST(-2 AS Numeric(12, 0)))
INSERT ZRAD.[TIME_MONTH_DIMENSION] ([TIME_MONTH_ANCHOR_IDENTIFIER], [TIME_MONTH_NUMBER], [TIME_MONTH_DESCRIPTION], [TIME_QUARTER_IDENTIFIER], [TIME_SEMESTER_IDENTIFIER], [TIME_YEAR_IDENTIFIER]) VALUES (CAST(-1 AS Numeric(12, 0)), N'-1', N'-1', CAST(-1 AS Numeric(12, 0)), CAST(-1 AS Numeric(12, 0)), CAST(-1 AS Numeric(12, 0)))
END


IF (SELECT COUNT(*) FROM ZRAD.[TIME_DAY_DIMENSION])=0
BEGIN
INSERT ZRAD.[TIME_DAY_DIMENSION] ([TIME_DAY_ANCHOR_IDENTIFIER], [TIME_DAY_DATE], [TIME_MONTH_IDENTIFIER], [TIME_QUARTER_IDENTIFIER], [TIME_SEMESTER_IDENTIFIER], [TIME_YEAR_IDENTIFIER]) VALUES (CAST(-3 AS Numeric(12, 0)), GETDATE(), CAST(-3 AS Numeric(12, 0)), CAST(-3 AS Numeric(12, 0)), CAST(-3 AS Numeric(12, 0)), CAST(-3 AS Numeric(12, 0)))
INSERT ZRAD.[TIME_DAY_DIMENSION] ([TIME_DAY_ANCHOR_IDENTIFIER], [TIME_DAY_DATE], [TIME_MONTH_IDENTIFIER], [TIME_QUARTER_IDENTIFIER], [TIME_SEMESTER_IDENTIFIER], [TIME_YEAR_IDENTIFIER]) VALUES (CAST(-2 AS Numeric(12, 0)), GETDATE(), CAST(-2 AS Numeric(12, 0)), CAST(-2 AS Numeric(12, 0)), CAST(-2 AS Numeric(12, 0)), CAST(-2 AS Numeric(12, 0)))
INSERT ZRAD.[TIME_DAY_DIMENSION] ([TIME_DAY_ANCHOR_IDENTIFIER], [TIME_DAY_DATE], [TIME_MONTH_IDENTIFIER], [TIME_QUARTER_IDENTIFIER], [TIME_SEMESTER_IDENTIFIER], [TIME_YEAR_IDENTIFIER]) VALUES (CAST(-1 AS Numeric(12, 0)), GETDATE(), CAST(-1 AS Numeric(12, 0)), CAST(-1 AS Numeric(12, 0)), CAST(-1 AS Numeric(12, 0)), CAST(-1 AS Numeric(12, 0)))
END



IF (SELECT COUNT(*) FROM ZRAD.[TIME_PERIOD_DIMENSION])=0
BEGIN
INSERT ZRAD.[TIME_PERIOD_DIMENSION] ([TIME_PERIOD_ANCHOR_IDENTIFIER], [TIME_PERIOD_CODE], [TIME_PERIOD_NAME], [TIME_PERIOD_DESCRIPTION], [START_TIME_DAY_IDENTIFIER], [START_TIME_MONTH_IDENTIFIER], [START_TIME_QUARTER_IDENTIFIER], [START_TIME_SEMESTER_IDENTIFIER], [START_TIME_YEAR_IDENTIFIER], [END_TIME_DAY_IDENTIFIER], [END_TIME_MONTH_IDENTIFIER], [END_TIME_QUARTER_IDENTIFIER], [END_TIME_SEMESTER_IDENTIFIER], [END_TIME_YEAR_IDENTIFIER], [RECORD_INCLUSION_DATE], [RECORD_UPDATE_DATE]) VALUES (CAST(-3 AS Numeric(12, 0)), N'-3', N'Missing value', N'Value missing in source data', CAST(-3 AS Numeric(12, 0)), CAST(-3 AS Numeric(12, 0)), CAST(-3 AS Numeric(12, 0)), CAST(-3 AS Numeric(12, 0)), CAST(-3 AS Numeric(12, 0)), CAST(-3 AS Numeric(12, 0)), CAST(-3 AS Numeric(12, 0)), CAST(-3 AS Numeric(12, 0)), CAST(-3 AS Numeric(12, 0)), CAST(-3 AS Numeric(12, 0)), GETDATE(), GETDATE())
INSERT ZRAD.[TIME_PERIOD_DIMENSION] ([TIME_PERIOD_ANCHOR_IDENTIFIER], [TIME_PERIOD_CODE], [TIME_PERIOD_NAME], [TIME_PERIOD_DESCRIPTION], [START_TIME_DAY_IDENTIFIER], [START_TIME_MONTH_IDENTIFIER], [START_TIME_QUARTER_IDENTIFIER], [START_TIME_SEMESTER_IDENTIFIER], [START_TIME_YEAR_IDENTIFIER], [END_TIME_DAY_IDENTIFIER], [END_TIME_MONTH_IDENTIFIER], [END_TIME_QUARTER_IDENTIFIER], [END_TIME_SEMESTER_IDENTIFIER], [END_TIME_YEAR_IDENTIFIER], [RECORD_INCLUSION_DATE], [RECORD_UPDATE_DATE]) VALUES (CAST(-2 AS Numeric(12, 0)), N'-2', N'To be regularized', N'Value not present in reference data', CAST(-2 AS Numeric(12, 0)), CAST(-2 AS Numeric(12, 0)), CAST(-2 AS Numeric(12, 0)), CAST(-2 AS Numeric(12, 0)), CAST(-2 AS Numeric(12, 0)), CAST(-2 AS Numeric(12, 0)), CAST(-2 AS Numeric(12, 0)), CAST(-2 AS Numeric(12, 0)), CAST(-2 AS Numeric(12, 0)), CAST(-2 AS Numeric(12, 0)), GETDATE(), GETDATE())
INSERT ZRAD.[TIME_PERIOD_DIMENSION] ([TIME_PERIOD_ANCHOR_IDENTIFIER], [TIME_PERIOD_CODE], [TIME_PERIOD_NAME], [TIME_PERIOD_DESCRIPTION], [START_TIME_DAY_IDENTIFIER], [START_TIME_MONTH_IDENTIFIER], [START_TIME_QUARTER_IDENTIFIER], [START_TIME_SEMESTER_IDENTIFIER], [START_TIME_YEAR_IDENTIFIER], [END_TIME_DAY_IDENTIFIER], [END_TIME_MONTH_IDENTIFIER], [END_TIME_QUARTER_IDENTIFIER], [END_TIME_SEMESTER_IDENTIFIER], [END_TIME_YEAR_IDENTIFIER], [RECORD_INCLUSION_DATE], [RECORD_UPDATE_DATE]) VALUES (CAST(-1 AS Numeric(12, 0)), N'-1', N'Not applicable', N'Not applicable', CAST(-1 AS Numeric(12, 0)), CAST(-1 AS Numeric(12, 0)), CAST(-1 AS Numeric(12, 0)), CAST(-1 AS Numeric(12, 0)), CAST(-1 AS Numeric(12, 0)), CAST(-1 AS Numeric(12, 0)), CAST(-1 AS Numeric(12, 0)), CAST(-1 AS Numeric(12, 0)), CAST(-1 AS Numeric(12, 0)), CAST(-1 AS Numeric(12, 0)), GETDATE(), GETDATE())
END


IF (SELECT COUNT(*) FROM ZRAD.[COUNTRY_DIMENSION])=0
BEGIN
INSERT ZRAD.[COUNTRY_DIMENSION] ([COUNTRY_ANCHOR_IDENTIFIER], [COUNTRY_CODE], [COUNTRY_NAME], [COUNTRY_DESCRIPTION], [RECORD_INCLUSION_DATE], [RECORD_UPDATE_DATE]) VALUES (CAST(-3 AS Numeric(12, 0)), N'-3', N'Missing value', N'Value missing in source data', GETDATE(), GETDATE())
INSERT ZRAD.[COUNTRY_DIMENSION] ([COUNTRY_ANCHOR_IDENTIFIER], [COUNTRY_CODE], [COUNTRY_NAME], [COUNTRY_DESCRIPTION], [RECORD_INCLUSION_DATE], [RECORD_UPDATE_DATE]) VALUES (CAST(-2 AS Numeric(12, 0)), N'-2', N'To be regularized', N'Value not present in reference data', GETDATE(), GETDATE())
INSERT ZRAD.[COUNTRY_DIMENSION] ([COUNTRY_ANCHOR_IDENTIFIER], [COUNTRY_CODE], [COUNTRY_NAME], [COUNTRY_DESCRIPTION], [RECORD_INCLUSION_DATE], [RECORD_UPDATE_DATE]) VALUES (CAST(-1 AS Numeric(12, 0)), N'-1', N'Not applicable', N'Not applicable', GETDATE(), GETDATE())
END


IF (SELECT COUNT(*) FROM ZRAD.[SOURCE_SYSTEM_DIMENSION])=0
BEGIN
INSERT ZRAD.[SOURCE_SYSTEM_DIMENSION] ([SOURCE_SYSTEM_ANCHOR_IDENTIFIER], [SOURCE_SYSTEM_CODE], [SOURCE_SYSTEM_NAME], [SOURCE_SYSTEM_DESCRIPTION], [RECORD_INCLUSION_DATE], [RECORD_UPDATE_DATE], [COUNTRY_IDENTIFIER]) VALUES (CAST(-3 AS Numeric(12, 0)), N'-3', N'Missing value', N'Value missing in source data', GETDATE(), GETDATE(), CAST(-3 AS Numeric(12, 0)))
INSERT ZRAD.[SOURCE_SYSTEM_DIMENSION] ([SOURCE_SYSTEM_ANCHOR_IDENTIFIER], [SOURCE_SYSTEM_CODE], [SOURCE_SYSTEM_NAME], [SOURCE_SYSTEM_DESCRIPTION], [RECORD_INCLUSION_DATE], [RECORD_UPDATE_DATE], [COUNTRY_IDENTIFIER]) VALUES (CAST(-2 AS Numeric(12, 0)), N'-2', N'To be regularized', N'Value not present in reference data', GETDATE(), GETDATE(), CAST(-2 AS Numeric(12, 0)))
INSERT ZRAD.[SOURCE_SYSTEM_DIMENSION] ([SOURCE_SYSTEM_ANCHOR_IDENTIFIER], [SOURCE_SYSTEM_CODE], [SOURCE_SYSTEM_NAME], [SOURCE_SYSTEM_DESCRIPTION], [RECORD_INCLUSION_DATE], [RECORD_UPDATE_DATE], [COUNTRY_IDENTIFIER]) VALUES (CAST(-1 AS Numeric(12, 0)), N'-1', N'Not applicable', N'Not applicable', GETDATE(), GETDATE(), CAST(-1 AS Numeric(12, 0)))
END

IF (SELECT COUNT(*) FROM ZRAD.[BONUS_CLASS_DIMENSION])=0
BEGIN
INSERT ZRAD.[BONUS_CLASS_DIMENSION] ([BONUS_CLASS_ANCHOR_IDENTIFIER], [BONUS_CLASS_CODE], [BONUS_CLASS_NAME], [BONUS_CLASS_DESCRIPTION], [BONUS_CLASS_PERCENT], [TIME_YEAR_IDENTIFIER], [RECORD_INCLUSION_DATE], [RECORD_UPDATE_DATE], [SOURCE_SYSTEM_IDENTIFIER]) VALUES (CAST(-3 AS Numeric(12, 0)), N'-3', N'Missing value', N'Value missing in source data', CAST(-3.0000 AS Decimal(7, 4)), CAST(-3 AS Numeric(12, 0)), GETDATE(), GETDATE(), CAST(-3 AS Numeric(12, 0)))
INSERT ZRAD.[BONUS_CLASS_DIMENSION] ([BONUS_CLASS_ANCHOR_IDENTIFIER], [BONUS_CLASS_CODE], [BONUS_CLASS_NAME], [BONUS_CLASS_DESCRIPTION], [BONUS_CLASS_PERCENT], [TIME_YEAR_IDENTIFIER], [RECORD_INCLUSION_DATE], [RECORD_UPDATE_DATE], [SOURCE_SYSTEM_IDENTIFIER]) VALUES (CAST(-2 AS Numeric(12, 0)), N'-2', N'To be regularized', N'Value not present in reference data', CAST(-2.0000 AS Decimal(7, 4)), CAST(-2 AS Numeric(12, 0)), GETDATE(), GETDATE(), CAST(-2 AS Numeric(12, 0)))
INSERT ZRAD.[BONUS_CLASS_DIMENSION] ([BONUS_CLASS_ANCHOR_IDENTIFIER], [BONUS_CLASS_CODE], [BONUS_CLASS_NAME], [BONUS_CLASS_DESCRIPTION], [BONUS_CLASS_PERCENT], [TIME_YEAR_IDENTIFIER], [RECORD_INCLUSION_DATE], [RECORD_UPDATE_DATE], [SOURCE_SYSTEM_IDENTIFIER]) VALUES (CAST(-1 AS Numeric(12, 0)), N'-1', N'Not applicable', N'Not applicable', CAST(-1.0000 AS Decimal(7, 4)), CAST(-1 AS Numeric(12, 0)), GETDATE(), GETDATE(), CAST(-1 AS Numeric(12, 0)))
END

IF (SELECT COUNT(*) FROM ZRAD.[BUSINESS_SEGMENT_DIMENSION])=0
BEGIN
INSERT ZRAD.[BUSINESS_SEGMENT_DIMENSION] ([BUSINESS_SEGMENT_ANCHOR_IDENTIFIER], [BUSINESS_SEGMENT_CODE], [BUSINESS_SEGMENT_NAME], [BUSINESS_SEGMENT_DESCRIPTION], [RECORD_INCLUSION_DATE], [RECORD_UPDATE_DATE], [SOURCE_SYSTEM_IDENTIFIER]) VALUES (CAST(-3 AS Numeric(12, 0)), N'-3', N'Missing value', N'Value missing in source data', GETDATE(), GETDATE(), CAST(-3 AS Numeric(12, 0)))
INSERT ZRAD.[BUSINESS_SEGMENT_DIMENSION] ([BUSINESS_SEGMENT_ANCHOR_IDENTIFIER], [BUSINESS_SEGMENT_CODE], [BUSINESS_SEGMENT_NAME], [BUSINESS_SEGMENT_DESCRIPTION], [RECORD_INCLUSION_DATE], [RECORD_UPDATE_DATE], [SOURCE_SYSTEM_IDENTIFIER]) VALUES (CAST(-2 AS Numeric(12, 0)), N'-2', N'To be regularized', N'Value not present in reference data', GETDATE(), GETDATE(), CAST(-2 AS Numeric(12, 0)))
INSERT ZRAD.[BUSINESS_SEGMENT_DIMENSION] ([BUSINESS_SEGMENT_ANCHOR_IDENTIFIER], [BUSINESS_SEGMENT_CODE], [BUSINESS_SEGMENT_NAME], [BUSINESS_SEGMENT_DESCRIPTION], [RECORD_INCLUSION_DATE], [RECORD_UPDATE_DATE], [SOURCE_SYSTEM_IDENTIFIER]) VALUES (CAST(-1 AS Numeric(12, 0)), N'-1', N'Not applicable', N'Not applicable', GETDATE(), GETDATE(), CAST(-1 AS Numeric(12, 0)))
END


IF (SELECT COUNT(*) FROM ZRAD.[FLAG_INDICATOR_DIMENSION])=0
BEGIN
INSERT ZRAD.[FLAG_INDICATOR_DIMENSION] ([FLAG_INDICATOR_ANCHOR_IDENTIFIER], [FLAG_INDICATOR_CODE], [FLAG_INDICATOR_NAME], [FLAG_INDICATOR_DESCRIPTION], [RECORD_INCLUSION_DATE], [RECORD_UPDATE_DATE]) VALUES (CAST(-3 AS Numeric(3, 0)), N'-3', N'Missing value', N'Value missing in source data', GETDATE(), GETDATE())
INSERT ZRAD.[FLAG_INDICATOR_DIMENSION] ([FLAG_INDICATOR_ANCHOR_IDENTIFIER], [FLAG_INDICATOR_CODE], [FLAG_INDICATOR_NAME], [FLAG_INDICATOR_DESCRIPTION], [RECORD_INCLUSION_DATE], [RECORD_UPDATE_DATE]) VALUES (CAST(-2 AS Numeric(3, 0)), N'-2', N'To be regularized', N'Value not present in reference data', GETDATE(), GETDATE())
INSERT ZRAD.[FLAG_INDICATOR_DIMENSION] ([FLAG_INDICATOR_ANCHOR_IDENTIFIER], [FLAG_INDICATOR_CODE], [FLAG_INDICATOR_NAME], [FLAG_INDICATOR_DESCRIPTION], [RECORD_INCLUSION_DATE], [RECORD_UPDATE_DATE]) VALUES (CAST(-1 AS Numeric(3, 0)), N'-1', N'Not applicable', N'Not applicable', GETDATE(), GETDATE())
END




IF (SELECT COUNT(*) FROM ZRAD.[COVERAGE_GROUP_DIMENSION])=0
BEGIN
INSERT ZRAD.[COVERAGE_GROUP_DIMENSION] ([COVERAGE_GROUP_ANCHOR_IDENTIFIER], [COVERAGE_GROUP_CODE], [COVERAGE_GROUP_NAME], [COVERAGE_GROUP_DESCRIPTION], [RECORD_INCLUSION_DATE], [RECORD_UPDATE_DATE], [SOURCE_SYSTEM_IDENTIFIER]) VALUES (CAST(-3 AS Numeric(12, 0)), N'-3', N'Missing value', N'Value missing in source data', GETDATE(), GETDATE(), CAST(-3 AS Numeric(12, 0)))
INSERT ZRAD.[COVERAGE_GROUP_DIMENSION] ([COVERAGE_GROUP_ANCHOR_IDENTIFIER], [COVERAGE_GROUP_CODE], [COVERAGE_GROUP_NAME], [COVERAGE_GROUP_DESCRIPTION], [RECORD_INCLUSION_DATE], [RECORD_UPDATE_DATE], [SOURCE_SYSTEM_IDENTIFIER]) VALUES (CAST(-2 AS Numeric(12, 0)), N'-2', N'To be regularized', N'Value not present in reference data', GETDATE(), GETDATE(), CAST(-2 AS Numeric(12, 0)))
INSERT ZRAD.[COVERAGE_GROUP_DIMENSION] ([COVERAGE_GROUP_ANCHOR_IDENTIFIER], [COVERAGE_GROUP_CODE], [COVERAGE_GROUP_NAME], [COVERAGE_GROUP_DESCRIPTION], [RECORD_INCLUSION_DATE], [RECORD_UPDATE_DATE], [SOURCE_SYSTEM_IDENTIFIER]) VALUES (CAST(-1 AS Numeric(12, 0)), N'-1', N'Not applicable', N'Not applicable', GETDATE(), GETDATE(), CAST(-1 AS Numeric(12, 0)))
END


IF (SELECT COUNT(*) FROM ZRAD.[COVERAGE_TYPE_DIMENSION])=0
BEGIN
INSERT ZRAD.[COVERAGE_TYPE_DIMENSION] ([COVERAGE_TYPE_ANCHOR_IDENTIFIER], [COVERAGE_TYPE_CODE], [COVERAGE_TYPE_NAME], [COVERAGE_TYPE_DESCRIPTION], [GENERAL_INSURANCE_GLOBAL_INDICATOR_IDENTIFIER], [CIVIL_LIABILITY_INDICATOR_IDENTIFIER], [RECORD_INCLUSION_DATE], [RECORD_UPDATE_DATE], [SOURCE_SYSTEM_IDENTIFIER]) VALUES (CAST(-3 AS Numeric(12, 0)), N'-3', N'Missing value', N'Value missing in source data', CAST(-3 AS Numeric(3, 0)), CAST(-3 AS Numeric(3, 0)), GETDATE(), GETDATE(), CAST(-3 AS Numeric(12, 0)))
INSERT ZRAD.[COVERAGE_TYPE_DIMENSION] ([COVERAGE_TYPE_ANCHOR_IDENTIFIER], [COVERAGE_TYPE_CODE], [COVERAGE_TYPE_NAME], [COVERAGE_TYPE_DESCRIPTION], [GENERAL_INSURANCE_GLOBAL_INDICATOR_IDENTIFIER], [CIVIL_LIABILITY_INDICATOR_IDENTIFIER], [RECORD_INCLUSION_DATE], [RECORD_UPDATE_DATE], [SOURCE_SYSTEM_IDENTIFIER]) VALUES (CAST(-2 AS Numeric(12, 0)), N'-2', N'To be regularized', N'Value not present in reference data', CAST(-2 AS Numeric(3, 0)), CAST(-2 AS Numeric(3, 0)), GETDATE(), GETDATE(), CAST(-2 AS Numeric(12, 0)))
INSERT ZRAD.[COVERAGE_TYPE_DIMENSION] ([COVERAGE_TYPE_ANCHOR_IDENTIFIER], [COVERAGE_TYPE_CODE], [COVERAGE_TYPE_NAME], [COVERAGE_TYPE_DESCRIPTION], [GENERAL_INSURANCE_GLOBAL_INDICATOR_IDENTIFIER], [CIVIL_LIABILITY_INDICATOR_IDENTIFIER], [RECORD_INCLUSION_DATE], [RECORD_UPDATE_DATE], [SOURCE_SYSTEM_IDENTIFIER]) VALUES (CAST(-1 AS Numeric(12, 0)), N'-1', N'Not applicable', N'Not applicable', CAST(-1 AS Numeric(3, 0)), CAST(-1 AS Numeric(3, 0)), GETDATE(), GETDATE(), CAST(-1 AS Numeric(12, 0)))
END


IF (SELECT COUNT(*) FROM ZRAD.[COVERAGE_DIMENSION])=0
BEGIN
INSERT ZRAD.[COVERAGE_DIMENSION] ([COVERAGE_ANCHOR_IDENTIFIER], [COVERAGE_CODE], [COVERAGE_DESCRIPTION], [COVERAGE_NAME], [COVERAGE_TYPE_IDENTIFIER], [RECORD_INCLUSION_DATE], [RECORD_UPDATE_DATE], [SOURCE_SYSTEM_IDENTIFIER], [GENERAL_INSURANCE_GLOBAL_INDICATOR_IDENTIFIER], [COVERAGE_GROUP_IDENTIFIER]) VALUES (CAST(-3 AS Numeric(12, 0)), N'-3', N'Missing value', N'Value missing in source data', CAST(-3 AS Numeric(12, 0)), GETDATE(), GETDATE(), CAST(-3 AS Numeric(12, 0)), CAST(-3 AS Numeric(3, 0)), CAST(-3 AS Numeric(12, 0)))
INSERT ZRAD.[COVERAGE_DIMENSION] ([COVERAGE_ANCHOR_IDENTIFIER], [COVERAGE_CODE], [COVERAGE_DESCRIPTION], [COVERAGE_NAME], [COVERAGE_TYPE_IDENTIFIER], [RECORD_INCLUSION_DATE], [RECORD_UPDATE_DATE], [SOURCE_SYSTEM_IDENTIFIER], [GENERAL_INSURANCE_GLOBAL_INDICATOR_IDENTIFIER], [COVERAGE_GROUP_IDENTIFIER]) VALUES (CAST(-2 AS Numeric(12, 0)), N'-2', N'To be regularized', N'Value not present in reference data', CAST(-2 AS Numeric(12, 0)), GETDATE(), GETDATE(), CAST(-2 AS Numeric(12, 0)), CAST(-2 AS Numeric(3, 0)), CAST(-2 AS Numeric(12, 0)))
INSERT ZRAD.[COVERAGE_DIMENSION] ([COVERAGE_ANCHOR_IDENTIFIER], [COVERAGE_CODE], [COVERAGE_DESCRIPTION], [COVERAGE_NAME], [COVERAGE_TYPE_IDENTIFIER], [RECORD_INCLUSION_DATE], [RECORD_UPDATE_DATE], [SOURCE_SYSTEM_IDENTIFIER], [GENERAL_INSURANCE_GLOBAL_INDICATOR_IDENTIFIER], [COVERAGE_GROUP_IDENTIFIER]) VALUES (CAST(-1 AS Numeric(12, 0)), N'-1', N'Not applicable', N'Not applicable', CAST(-1 AS Numeric(12, 0)), GETDATE(), GETDATE(), CAST(-1 AS Numeric(12, 0)), CAST(-1 AS Numeric(3, 0)), CAST(-1 AS Numeric(12, 0)))
END


IF (SELECT COUNT(*) FROM ZRAD.[PERIL_DIMENSION])=0
BEGIN
INSERT ZRAD.[PERIL_DIMENSION] ([PERIL_ANCHOR_IDENTIFIER], [PERIL_CODE], [PERIL_NAME], [PERIL_DESCRIPTION], [COVERAGE_IDENTIFIER], [RECORD_INCLUSION_DATE], [RECORD_UPDATE_DATE], [SOURCE_SYSTEM_IDENTIFIER]) VALUES (CAST(-3 AS Numeric(12, 0)), N'-3', N'Missing value', N'Value missing in source data', CAST(-3 AS Numeric(12, 0)), GETDATE(), GETDATE(), CAST(-3 AS Numeric(12, 0)))
INSERT ZRAD.[PERIL_DIMENSION] ([PERIL_ANCHOR_IDENTIFIER], [PERIL_CODE], [PERIL_NAME], [PERIL_DESCRIPTION], [COVERAGE_IDENTIFIER], [RECORD_INCLUSION_DATE], [RECORD_UPDATE_DATE], [SOURCE_SYSTEM_IDENTIFIER]) VALUES (CAST(-2 AS Numeric(12, 0)), N'-2', N'To be regularized', N'Value not present in reference data', CAST(-2 AS Numeric(12, 0)), GETDATE(), GETDATE(), CAST(-2 AS Numeric(12, 0)))
INSERT ZRAD.[PERIL_DIMENSION] ([PERIL_ANCHOR_IDENTIFIER], [PERIL_CODE], [PERIL_NAME], [PERIL_DESCRIPTION], [COVERAGE_IDENTIFIER], [RECORD_INCLUSION_DATE], [RECORD_UPDATE_DATE], [SOURCE_SYSTEM_IDENTIFIER]) VALUES (CAST(-1 AS Numeric(12, 0)), N'-1', N'Not applicable', N'Not applicable', CAST(-1 AS Numeric(12, 0)), GETDATE(), GETDATE(), CAST(-1 AS Numeric(12, 0)))
END


IF (SELECT COUNT(*) FROM ZRAD.[CAUSE_LOSS_DIMENSION])=0
BEGIN
INSERT ZRAD.[CAUSE_LOSS_DIMENSION] ([CAUSE_LOSS_ANCHOR_IDENTIFIER], [CAUSE_LOSS_CODE], [CAUSE_LOSS_NAME], [CAUSE_LOSS_DESCRIPTION], [GENERAL_INSURANCE_GLOBAL_INDICATOR_IDENTIFIER], [PERIL_IDENTIFIER], [RECORD_INCLUSION_DATE], [RECORD_UPDATE_DATE], [SOURCE_SYSTEM_IDENTIFIER]) VALUES (CAST(-3 AS Numeric(12, 0)), N'-3', N'Missing value', N'Value missing in source data', CAST(-3 AS Numeric(3, 0)), CAST(-3 AS Numeric(12, 0)), GETDATE(), GETDATE(), CAST(-3 AS Numeric(12, 0)))
INSERT ZRAD.[CAUSE_LOSS_DIMENSION] ([CAUSE_LOSS_ANCHOR_IDENTIFIER], [CAUSE_LOSS_CODE], [CAUSE_LOSS_NAME], [CAUSE_LOSS_DESCRIPTION], [GENERAL_INSURANCE_GLOBAL_INDICATOR_IDENTIFIER], [PERIL_IDENTIFIER], [RECORD_INCLUSION_DATE], [RECORD_UPDATE_DATE], [SOURCE_SYSTEM_IDENTIFIER]) VALUES (CAST(-2 AS Numeric(12, 0)), N'-2', N'To be regularized', N'Value not present in reference data', CAST(-2 AS Numeric(3, 0)), CAST(-2 AS Numeric(12, 0)), GETDATE(), GETDATE(), CAST(-2 AS Numeric(12, 0)))
INSERT ZRAD.[CAUSE_LOSS_DIMENSION] ([CAUSE_LOSS_ANCHOR_IDENTIFIER], [CAUSE_LOSS_CODE], [CAUSE_LOSS_NAME], [CAUSE_LOSS_DESCRIPTION], [GENERAL_INSURANCE_GLOBAL_INDICATOR_IDENTIFIER], [PERIL_IDENTIFIER], [RECORD_INCLUSION_DATE], [RECORD_UPDATE_DATE], [SOURCE_SYSTEM_IDENTIFIER]) VALUES (CAST(-1 AS Numeric(12, 0)), N'-1', N'Not applicable', N'Not applicable', CAST(-1 AS Numeric(3, 0)), CAST(-1 AS Numeric(12, 0)), GETDATE(), GETDATE(), CAST(-1 AS Numeric(12, 0)))
END


IF (SELECT COUNT(*) FROM ZRAD.[EVENT_TYPE_DIMENSION])=0
BEGIN
INSERT ZRAD.[EVENT_TYPE_DIMENSION] ([EVENT_TYPE_ANCHOR_IDENTIFIER], [EVENT_TYPE_CODE], [EVENT_TYPE_NAME], [EVENT_TYPE_DESCRIPTION], [CATASTROPHE_INDICATOR_IDENTIFIER], [GENERAL_INSURANCE_GLOBAL_INDICATOR_IDENTIFIER], [RECORD_INCLUSION_DATE], [RECORD_UPDATE_DATE], [SOURCE_SYSTEM_IDENTIFIER]) VALUES (CAST(-3 AS Numeric(12, 0)), N'-3', N'Missing value', N'Value missing in source data', CAST(-3 AS Numeric(3, 0)), CAST(-3 AS Numeric(3, 0)), GETDATE(), GETDATE(), CAST(-3 AS Numeric(12, 0)))
INSERT ZRAD.[EVENT_TYPE_DIMENSION] ([EVENT_TYPE_ANCHOR_IDENTIFIER], [EVENT_TYPE_CODE], [EVENT_TYPE_NAME], [EVENT_TYPE_DESCRIPTION], [CATASTROPHE_INDICATOR_IDENTIFIER], [GENERAL_INSURANCE_GLOBAL_INDICATOR_IDENTIFIER], [RECORD_INCLUSION_DATE], [RECORD_UPDATE_DATE], [SOURCE_SYSTEM_IDENTIFIER]) VALUES (CAST(-2 AS Numeric(12, 0)), N'-2', N'To be regularized', N'Value not present in reference data', CAST(-2 AS Numeric(3, 0)), CAST(-2 AS Numeric(3, 0)), GETDATE(), GETDATE(), CAST(-2 AS Numeric(12, 0)))
INSERT ZRAD.[EVENT_TYPE_DIMENSION] ([EVENT_TYPE_ANCHOR_IDENTIFIER], [EVENT_TYPE_CODE], [EVENT_TYPE_NAME], [EVENT_TYPE_DESCRIPTION], [CATASTROPHE_INDICATOR_IDENTIFIER], [GENERAL_INSURANCE_GLOBAL_INDICATOR_IDENTIFIER], [RECORD_INCLUSION_DATE], [RECORD_UPDATE_DATE], [SOURCE_SYSTEM_IDENTIFIER]) VALUES (CAST(-1 AS Numeric(12, 0)), N'-1', N'Not applicable', N'Not applicable', CAST(-1 AS Numeric(3, 0)), CAST(-1 AS Numeric(3, 0)), GETDATE(), GETDATE(), CAST(-1 AS Numeric(12, 0)))
END


IF (SELECT COUNT(*) FROM ZRAD.[RISK_LOCATION_DIMENSION])=0
BEGIN
INSERT ZRAD.[RISK_LOCATION_DIMENSION] ([RISK_LOCATION_ANCHOR_IDENTIFIER], [RISK_LOCATION_CODE], [RISK_LOCATION_NAME], [RISK_LOCATION_DESCRIPTION], [RECORD_INCLUSION_DATE], [RECORD_UPDATE_DATE], [SOURCE_SYSTEM_IDENTIFIER]) VALUES (CAST(-3 AS Numeric(12, 0)), N'-3', N'Missing value', N'Value missing in source data', GETDATE(), GETDATE(), CAST(-3 AS Numeric(12, 0)))
INSERT ZRAD.[RISK_LOCATION_DIMENSION] ([RISK_LOCATION_ANCHOR_IDENTIFIER], [RISK_LOCATION_CODE], [RISK_LOCATION_NAME], [RISK_LOCATION_DESCRIPTION], [RECORD_INCLUSION_DATE], [RECORD_UPDATE_DATE], [SOURCE_SYSTEM_IDENTIFIER]) VALUES (CAST(-2 AS Numeric(12, 0)), N'-2', N'To be regularized', N'Value not present in reference data', GETDATE(), GETDATE(), CAST(-2 AS Numeric(12, 0)))
INSERT ZRAD.[RISK_LOCATION_DIMENSION] ([RISK_LOCATION_ANCHOR_IDENTIFIER], [RISK_LOCATION_CODE], [RISK_LOCATION_NAME], [RISK_LOCATION_DESCRIPTION], [RECORD_INCLUSION_DATE], [RECORD_UPDATE_DATE], [SOURCE_SYSTEM_IDENTIFIER]) VALUES (CAST(-1 AS Numeric(12, 0)), N'-1', N'Not applicable', N'Not applicable', GETDATE(), GETDATE(), CAST(-1 AS Numeric(12, 0)))
END

IF (SELECT COUNT(*) FROM ZRAD.[RISK_TYPE_DIMENSION])=0
BEGIN
INSERT ZRAD.[RISK_TYPE_DIMENSION] ([RISK_TYPE_ANCHOR_IDENTIFIER], [RISK_TYPE_CODE], [RISK_TYPE_NAME], [RISK_TYPE_DESCRIPTION], [RECORD_INCLUSION_DATE], [RECORD_UPDATE_DATE], [SOURCE_SYSTEM_IDENTIFIER]) VALUES (CAST(-3 AS Numeric(12, 0)), N'-3', N'Missing value', N'Value missing in source data', GETDATE(), GETDATE(), CAST(-3 AS Numeric(12, 0)))
INSERT ZRAD.[RISK_TYPE_DIMENSION] ([RISK_TYPE_ANCHOR_IDENTIFIER], [RISK_TYPE_CODE], [RISK_TYPE_NAME], [RISK_TYPE_DESCRIPTION], [RECORD_INCLUSION_DATE], [RECORD_UPDATE_DATE], [SOURCE_SYSTEM_IDENTIFIER]) VALUES (CAST(-2 AS Numeric(12, 0)), N'-2', N'To be regularized', N'Value not present in reference data', GETDATE(), GETDATE(), CAST(-2 AS Numeric(12, 0)))
INSERT ZRAD.[RISK_TYPE_DIMENSION] ([RISK_TYPE_ANCHOR_IDENTIFIER], [RISK_TYPE_CODE], [RISK_TYPE_NAME], [RISK_TYPE_DESCRIPTION], [RECORD_INCLUSION_DATE], [RECORD_UPDATE_DATE], [SOURCE_SYSTEM_IDENTIFIER]) VALUES (CAST(-1 AS Numeric(12, 0)), N'-1', N'Not applicable', N'Not applicable', GETDATE(), GETDATE(), CAST(-1 AS Numeric(12, 0)))
END


IF (SELECT COUNT(*) FROM ZRAD.[PLACE_DIMENSION])=0
BEGIN
INSERT ZRAD.[PLACE_DIMENSION] ([PLACE_ANCHOR_IDENTIFIER], [PLACE_NAME], [PLACE_DESCRIPTION], [ADDRESS_TYPE_IDENTIFIER], [ADDRESS_NAME], [ADDRESS_ADDITION_TEXT], [ZIP_CODE], [GEOCODE_LOCATION_CODE], [GEOCODE_LOCATION_NAME], [DISTRICT_CODE], [DISTRICT_NAME], [CITY_CODE], [CITY_NAME], [STATE_CODE], [STATE_NAME], [FEDERAL_UNIT_CODE], [FEDERAL_UNIT_NAME], [COUNTRY_IDENTIFIER], [RISK_LOCATION_IDENTIFIER], [RECORD_INCLUSION_DATE], [RECORD_UPDATE_DATE], [SOURCE_SYSTEM_IDENTIFIER]) VALUES (CAST(-3 AS Numeric(12, 0)), N'Missing value', N'Value missing in source data', CAST(-3 AS Numeric(12, 0)), N'', N'', N'', N'', N'', N'', N'', N'', N'', N'', N'', N'', N'', CAST(-3 AS Numeric(12, 0)), CAST(-3 AS Numeric(12, 0)), GETDATE(), GETDATE(), CAST(-3 AS Numeric(12, 0)))
INSERT ZRAD.[PLACE_DIMENSION] ([PLACE_ANCHOR_IDENTIFIER], [PLACE_NAME], [PLACE_DESCRIPTION], [ADDRESS_TYPE_IDENTIFIER], [ADDRESS_NAME], [ADDRESS_ADDITION_TEXT], [ZIP_CODE], [GEOCODE_LOCATION_CODE], [GEOCODE_LOCATION_NAME], [DISTRICT_CODE], [DISTRICT_NAME], [CITY_CODE], [CITY_NAME], [STATE_CODE], [STATE_NAME], [FEDERAL_UNIT_CODE], [FEDERAL_UNIT_NAME], [COUNTRY_IDENTIFIER], [RISK_LOCATION_IDENTIFIER], [RECORD_INCLUSION_DATE], [RECORD_UPDATE_DATE], [SOURCE_SYSTEM_IDENTIFIER]) VALUES (CAST(-2 AS Numeric(12, 0)), N'To be regularized', N'Value not present in reference data', CAST(-2 AS Numeric(12, 0)), N'', N'', N'', N'', N'', N'', N'', N'', N'', N'', N'', N'', N'', CAST(-2 AS Numeric(12, 0)), CAST(-2 AS Numeric(12, 0)), GETDATE(), GETDATE(), CAST(-2 AS Numeric(12, 0)))
INSERT ZRAD.[PLACE_DIMENSION] ([PLACE_ANCHOR_IDENTIFIER], [PLACE_NAME], [PLACE_DESCRIPTION], [ADDRESS_TYPE_IDENTIFIER], [ADDRESS_NAME], [ADDRESS_ADDITION_TEXT], [ZIP_CODE], [GEOCODE_LOCATION_CODE], [GEOCODE_LOCATION_NAME], [DISTRICT_CODE], [DISTRICT_NAME], [CITY_CODE], [CITY_NAME], [STATE_CODE], [STATE_NAME], [FEDERAL_UNIT_CODE], [FEDERAL_UNIT_NAME], [COUNTRY_IDENTIFIER], [RISK_LOCATION_IDENTIFIER], [RECORD_INCLUSION_DATE], [RECORD_UPDATE_DATE], [SOURCE_SYSTEM_IDENTIFIER]) VALUES (CAST(-1 AS Numeric(12, 0)), N'Not applicable', N'Not applicable', CAST(-1 AS Numeric(12, 0)), N'', N'', N'', N'', N'', N'', N'', N'', N'', N'', N'', N'', N'', CAST(-1 AS Numeric(12, 0)), CAST(-1 AS Numeric(12, 0)), GETDATE(), GETDATE(), CAST(-1 AS Numeric(12, 0)))
END


IF (SELECT COUNT(*) FROM ZRAD.[CLAIM_EVENT_DIMENSION])=0
BEGIN
INSERT ZRAD.[CLAIM_EVENT_DIMENSION] ([CLAIM_EVENT_ANCHOR_IDENTIFIER], [CLAIM_EVENT_CODE], [CLAIM_EVENT_NAME], [CLAIM_EVENT_DESCRIPTION], [EVENT_TYPE_IDENTIFIER], [EVENT_OCCURRENCE_DATE_IDENTIFIER], [EVENT_LOCATION_IDENTIFIER], [RECORD_INCLUSION_DATE], [RECORD_UPDATE_DATE], [SOURCE_SYSTEM_IDENTIFIER]) VALUES (CAST(-3 AS Numeric(12, 0)), N'-3', N'Missing value', N'Value missing in source data', CAST(-3 AS Numeric(12, 0)), CAST(-3 AS Numeric(12, 0)), CAST(-3 AS Numeric(12, 0)), GETDATE(), GETDATE(), CAST(-3 AS Numeric(12, 0)))
INSERT ZRAD.[CLAIM_EVENT_DIMENSION] ([CLAIM_EVENT_ANCHOR_IDENTIFIER], [CLAIM_EVENT_CODE], [CLAIM_EVENT_NAME], [CLAIM_EVENT_DESCRIPTION], [EVENT_TYPE_IDENTIFIER], [EVENT_OCCURRENCE_DATE_IDENTIFIER], [EVENT_LOCATION_IDENTIFIER], [RECORD_INCLUSION_DATE], [RECORD_UPDATE_DATE], [SOURCE_SYSTEM_IDENTIFIER]) VALUES (CAST(-2 AS Numeric(12, 0)), N'-2', N'To be regularized', N'Value not present in reference data', CAST(-2 AS Numeric(12, 0)), CAST(-2 AS Numeric(12, 0)), CAST(-2 AS Numeric(12, 0)), GETDATE(), GETDATE(), CAST(-2 AS Numeric(12, 0)))
INSERT ZRAD.[CLAIM_EVENT_DIMENSION] ([CLAIM_EVENT_ANCHOR_IDENTIFIER], [CLAIM_EVENT_CODE], [CLAIM_EVENT_NAME], [CLAIM_EVENT_DESCRIPTION], [EVENT_TYPE_IDENTIFIER], [EVENT_OCCURRENCE_DATE_IDENTIFIER], [EVENT_LOCATION_IDENTIFIER], [RECORD_INCLUSION_DATE], [RECORD_UPDATE_DATE], [SOURCE_SYSTEM_IDENTIFIER]) VALUES (CAST(-1 AS Numeric(12, 0)), N'-1', N'Not applicable', N'Not applicable', CAST(-1 AS Numeric(12, 0)), CAST(-1 AS Numeric(12, 0)), CAST(-1 AS Numeric(12, 0)), GETDATE(), GETDATE(), CAST(-1 AS Numeric(12, 0)))
END


IF (SELECT COUNT(*) FROM ZRAD.[CLAIM_METHOD_DIMENSION])=0
BEGIN
INSERT ZRAD.[CLAIM_METHOD_DIMENSION] ([CLAIM_METHOD_ANCHOR_IDENTIFIER], [CLAIM_METHOD_CODE], [CLAIM_METHOD_NAME], [CLAIM_METHOD_DESCRIPTION], [RECORD_INCLUSION_DATE], [RECORD_UPDATE_DATE], [SOURCE_SYSTEM_IDENTIFIER]) VALUES (CAST(-3 AS Numeric(12, 0)), N'-3', N'Missing value', N'Value missing in source data', GETDATE(), GETDATE(), CAST(-3 AS Numeric(12, 0)))
INSERT ZRAD.[CLAIM_METHOD_DIMENSION] ([CLAIM_METHOD_ANCHOR_IDENTIFIER], [CLAIM_METHOD_CODE], [CLAIM_METHOD_NAME], [CLAIM_METHOD_DESCRIPTION], [RECORD_INCLUSION_DATE], [RECORD_UPDATE_DATE], [SOURCE_SYSTEM_IDENTIFIER]) VALUES (CAST(-2 AS Numeric(12, 0)), N'-2', N'To be regularized', N'Value not present in reference data', GETDATE(), GETDATE(), CAST(-2 AS Numeric(12, 0)))
INSERT ZRAD.[CLAIM_METHOD_DIMENSION] ([CLAIM_METHOD_ANCHOR_IDENTIFIER], [CLAIM_METHOD_CODE], [CLAIM_METHOD_NAME], [CLAIM_METHOD_DESCRIPTION], [RECORD_INCLUSION_DATE], [RECORD_UPDATE_DATE], [SOURCE_SYSTEM_IDENTIFIER]) VALUES (CAST(-1 AS Numeric(12, 0)), N'-1', N'Not applicable', N'Not applicable', GETDATE(), GETDATE(), CAST(-1 AS Numeric(12, 0)))
END

IF (SELECT COUNT(*) FROM ZRAD.[CLAIM_STATUS_DIMENSION])=0
BEGIN
INSERT ZRAD.[CLAIM_STATUS_DIMENSION] ([CLAIM_STATUS_ANCHOR_IDENTIFIER], [CLAIM_STATUS_CODE], [CLAIM_STATUS_NAME], [CLAIM_STATUS_DESCRIPTION], [RECORD_INCLUSION_DATE], [RECORD_UPDATE_DATE], [SOURCE_SYSTEM_IDENTIFIER]) VALUES (CAST(-3 AS Numeric(12, 0)), N'-3', N'Missing value', N'Value missing in source data', GETDATE(), GETDATE(), CAST(-3 AS Numeric(12, 0)))
INSERT ZRAD.[CLAIM_STATUS_DIMENSION] ([CLAIM_STATUS_ANCHOR_IDENTIFIER], [CLAIM_STATUS_CODE], [CLAIM_STATUS_NAME], [CLAIM_STATUS_DESCRIPTION], [RECORD_INCLUSION_DATE], [RECORD_UPDATE_DATE], [SOURCE_SYSTEM_IDENTIFIER]) VALUES (CAST(-2 AS Numeric(12, 0)), N'-2', N'To be regularized', N'Value not present in reference data', GETDATE(), GETDATE(), CAST(-2 AS Numeric(12, 0)))
INSERT ZRAD.[CLAIM_STATUS_DIMENSION] ([CLAIM_STATUS_ANCHOR_IDENTIFIER], [CLAIM_STATUS_CODE], [CLAIM_STATUS_NAME], [CLAIM_STATUS_DESCRIPTION], [RECORD_INCLUSION_DATE], [RECORD_UPDATE_DATE], [SOURCE_SYSTEM_IDENTIFIER]) VALUES (CAST(-1 AS Numeric(12, 0)), N'-1', N'Not applicable', N'Not applicable', GETDATE(), GETDATE(), CAST(-1 AS Numeric(12, 0)))
END

IF (SELECT COUNT(*) FROM ZRAD.[CLAIM_TRIGGER_BASIS_DIMENSION])=0
BEGIN
INSERT ZRAD.[CLAIM_TRIGGER_BASIS_DIMENSION] ([CLAIM_TRIGGER_BASIS_ANCHOR_IDENTIFIER], [CLAIM_TRIGGER_BASIS_CODE], [CLAIM_TRIGGER_BASIS_NAME], [CLAIM_TRIGGER_BASIS_DESCRIPTION], [RECORD_INCLUSION_DATE], [RECORD_UPDATE_DATE], [SOURCE_SYSTEM_IDENTIFIER]) VALUES (CAST(-3 AS Numeric(12, 0)), N'-3', N'Missing value', N'Value missing in source data', GETDATE(), GETDATE(), CAST(-3 AS Numeric(12, 0)))
INSERT ZRAD.[CLAIM_TRIGGER_BASIS_DIMENSION] ([CLAIM_TRIGGER_BASIS_ANCHOR_IDENTIFIER], [CLAIM_TRIGGER_BASIS_CODE], [CLAIM_TRIGGER_BASIS_NAME], [CLAIM_TRIGGER_BASIS_DESCRIPTION], [RECORD_INCLUSION_DATE], [RECORD_UPDATE_DATE], [SOURCE_SYSTEM_IDENTIFIER]) VALUES (CAST(-2 AS Numeric(12, 0)), N'-2', N'To be regularized', N'Value not present in reference data', GETDATE(), GETDATE(), CAST(-2 AS Numeric(12, 0)))
INSERT ZRAD.[CLAIM_TRIGGER_BASIS_DIMENSION] ([CLAIM_TRIGGER_BASIS_ANCHOR_IDENTIFIER], [CLAIM_TRIGGER_BASIS_CODE], [CLAIM_TRIGGER_BASIS_NAME], [CLAIM_TRIGGER_BASIS_DESCRIPTION], [RECORD_INCLUSION_DATE], [RECORD_UPDATE_DATE], [SOURCE_SYSTEM_IDENTIFIER]) VALUES (CAST(-1 AS Numeric(12, 0)), N'-1', N'Not applicable', N'Not applicable', GETDATE(), GETDATE(), CAST(-1 AS Numeric(12, 0)))
END

IF (SELECT COUNT(*) FROM ZRAD.[COMMODITY_DIMENSION])=0
BEGIN
INSERT ZRAD.[COMMODITY_DIMENSION] ([COMMODITY_ANCHOR_IDENTIFIER], [COMMODITY_CODE], [COMMODITY_NAME], [COMMODITY_DESCRIPTION], [RECORD_INCLUSION_DATE], [RECORD_UPDATE_DATE], [SOURCE_SYSTEM_IDENTIFIER]) VALUES (CAST(-3 AS Numeric(12, 0)), N'-3', N'Missing value', N'Value missing in source data', GETDATE(), GETDATE(), CAST(-3 AS Numeric(12, 0)))
INSERT ZRAD.[COMMODITY_DIMENSION] ([COMMODITY_ANCHOR_IDENTIFIER], [COMMODITY_CODE], [COMMODITY_NAME], [COMMODITY_DESCRIPTION], [RECORD_INCLUSION_DATE], [RECORD_UPDATE_DATE], [SOURCE_SYSTEM_IDENTIFIER]) VALUES (CAST(-2 AS Numeric(12, 0)), N'-2', N'To be regularized', N'Value not present in reference data', GETDATE(), GETDATE(), CAST(-2 AS Numeric(12, 0)))
INSERT ZRAD.[COMMODITY_DIMENSION] ([COMMODITY_ANCHOR_IDENTIFIER], [COMMODITY_CODE], [COMMODITY_NAME], [COMMODITY_DESCRIPTION], [RECORD_INCLUSION_DATE], [RECORD_UPDATE_DATE], [SOURCE_SYSTEM_IDENTIFIER]) VALUES (CAST(-1 AS Numeric(12, 0)), N'-1', N'Not applicable', N'Not applicable', GETDATE(), GETDATE(), CAST(-1 AS Numeric(12, 0)))
END

IF (SELECT COUNT(*) FROM ZRAD.[COST_TYPE_DIMENSION])=0
BEGIN
INSERT ZRAD.[COST_TYPE_DIMENSION] ([COST_TYPE_ANCHOR_IDENTIFIER], [COST_TYPE_CODE], [COST_TYPE_NAME], [COST_TYPE_DESCRIPTION], [RECORD_INCLUSION_DATE], [RECORD_UPDATE_DATE], [SOURCE_SYSTEM_IDENTIFIER]) VALUES (CAST(-3 AS Numeric(12, 0)), N'-3', N'Missing value', N'Value missing in source data', GETDATE(), GETDATE(), CAST(-3 AS Numeric(12, 0)))
INSERT ZRAD.[COST_TYPE_DIMENSION] ([COST_TYPE_ANCHOR_IDENTIFIER], [COST_TYPE_CODE], [COST_TYPE_NAME], [COST_TYPE_DESCRIPTION], [RECORD_INCLUSION_DATE], [RECORD_UPDATE_DATE], [SOURCE_SYSTEM_IDENTIFIER]) VALUES (CAST(-2 AS Numeric(12, 0)), N'-2', N'To be regularized', N'Value not present in reference data', GETDATE(), GETDATE(), CAST(-2 AS Numeric(12, 0)))
INSERT ZRAD.[COST_TYPE_DIMENSION] ([COST_TYPE_ANCHOR_IDENTIFIER], [COST_TYPE_CODE], [COST_TYPE_NAME], [COST_TYPE_DESCRIPTION], [RECORD_INCLUSION_DATE], [RECORD_UPDATE_DATE], [SOURCE_SYSTEM_IDENTIFIER]) VALUES (CAST(-1 AS Numeric(12, 0)), N'-1', N'Not applicable', N'Not applicable', GETDATE(), GETDATE(), CAST(-1 AS Numeric(12, 0)))
END



IF (SELECT COUNT(*) FROM ZRAD.[COVERAGE_STATUS_DIMENSION])=0
BEGIN
INSERT ZRAD.[COVERAGE_STATUS_DIMENSION] ([COVERAGE_STATUS_ANCHOR_IDENTIFIER], [COVERAGE_STATUS_CODE], [COVERAGE_STATUS_NAME], [COVERAGE_STATUS_DESCRIPTION], [RECORD_INCLUSION_DATE], [RECORD_UPDATE_DATE], [SOURCE_SYSTEM_IDENTIFIER]) VALUES (CAST(-3 AS Numeric(12, 0)), N'-3', N'Missing value', N'Value missing in source data', GETDATE(), GETDATE(), CAST(-3 AS Numeric(12, 0)))
INSERT ZRAD.[COVERAGE_STATUS_DIMENSION] ([COVERAGE_STATUS_ANCHOR_IDENTIFIER], [COVERAGE_STATUS_CODE], [COVERAGE_STATUS_NAME], [COVERAGE_STATUS_DESCRIPTION], [RECORD_INCLUSION_DATE], [RECORD_UPDATE_DATE], [SOURCE_SYSTEM_IDENTIFIER]) VALUES (CAST(-2 AS Numeric(12, 0)), N'-2', N'To be regularized', N'Value not present in reference data', GETDATE(), GETDATE(), CAST(-2 AS Numeric(12, 0)))
INSERT ZRAD.[COVERAGE_STATUS_DIMENSION] ([COVERAGE_STATUS_ANCHOR_IDENTIFIER], [COVERAGE_STATUS_CODE], [COVERAGE_STATUS_NAME], [COVERAGE_STATUS_DESCRIPTION], [RECORD_INCLUSION_DATE], [RECORD_UPDATE_DATE], [SOURCE_SYSTEM_IDENTIFIER]) VALUES (CAST(-1 AS Numeric(12, 0)), N'-1', N'Not applicable', N'Not applicable', GETDATE(), GETDATE(), CAST(-1 AS Numeric(12, 0)))
END


IF (SELECT COUNT(*) FROM ZRAD.[CURRENCY_DIMENSION])=0
BEGIN
INSERT ZRAD.[CURRENCY_DIMENSION] ([CURRENCY_ANCHOR_IDENTIFIER], [CURRENCY_CODE], [CURRENCY_NAME], [CURRENCY_DESCRIPTION], [RECORD_INCLUSION_DATE], [RECORD_UPDATE_DATE], [SOURCE_SYSTEM_IDENTIFIER], [COUNTRY_IDENTIFIER]) VALUES (CAST(-3 AS Numeric(12, 0)), N'-3', N'Missing value', N'Value missing in source data', GETDATE(), GETDATE(), CAST(-3 AS Numeric(12, 0)), CAST(-3 AS Numeric(12, 0)))
INSERT ZRAD.[CURRENCY_DIMENSION] ([CURRENCY_ANCHOR_IDENTIFIER], [CURRENCY_CODE], [CURRENCY_NAME], [CURRENCY_DESCRIPTION], [RECORD_INCLUSION_DATE], [RECORD_UPDATE_DATE], [SOURCE_SYSTEM_IDENTIFIER], [COUNTRY_IDENTIFIER]) VALUES (CAST(-2 AS Numeric(12, 0)), N'-2', N'To be regularized', N'Value not present in reference data', GETDATE(), GETDATE(), CAST(-2 AS Numeric(12, 0)), CAST(-2 AS Numeric(12, 0)))
INSERT ZRAD.[CURRENCY_DIMENSION] ([CURRENCY_ANCHOR_IDENTIFIER], [CURRENCY_CODE], [CURRENCY_NAME], [CURRENCY_DESCRIPTION], [RECORD_INCLUSION_DATE], [RECORD_UPDATE_DATE], [SOURCE_SYSTEM_IDENTIFIER], [COUNTRY_IDENTIFIER]) VALUES (CAST(-1 AS Numeric(12, 0)), N'-1', N'Not applicable', N'Not applicable', GETDATE(), GETDATE(), CAST(-1 AS Numeric(12, 0)), CAST(-1 AS Numeric(12, 0)))
END


IF (SELECT COUNT(*) FROM ZRAD.[EXCHANGE_TYPE_DIMENSION])=0
BEGIN
INSERT ZRAD.[EXCHANGE_TYPE_DIMENSION] ([EXCHANGE_TYPE_ANCHOR_IDENTIFIER], [EXCHANGE_TYPE_CODE], [EXCHANGE_TYPE_NAME], [EXCHANGE_TYPE_DESCRIPTION], [RECORD_INCLUSION_DATE], [RECORD_UPDATE_DATE], [SOURCE_SYSTEM_IDENTIFIER]) VALUES (CAST(-3 AS Numeric(12, 0)), N'-3', N'Missing value', N'Value missing in source data', GETDATE(), GETDATE(), CAST(-3 AS Numeric(12, 0)))
INSERT ZRAD.[EXCHANGE_TYPE_DIMENSION] ([EXCHANGE_TYPE_ANCHOR_IDENTIFIER], [EXCHANGE_TYPE_CODE], [EXCHANGE_TYPE_NAME], [EXCHANGE_TYPE_DESCRIPTION], [RECORD_INCLUSION_DATE], [RECORD_UPDATE_DATE], [SOURCE_SYSTEM_IDENTIFIER]) VALUES (CAST(-2 AS Numeric(12, 0)), N'-2', N'To be regularized', N'Value not present in reference data', GETDATE(), GETDATE(), CAST(-2 AS Numeric(12, 0)))
INSERT ZRAD.[EXCHANGE_TYPE_DIMENSION] ([EXCHANGE_TYPE_ANCHOR_IDENTIFIER], [EXCHANGE_TYPE_CODE], [EXCHANGE_TYPE_NAME], [EXCHANGE_TYPE_DESCRIPTION], [RECORD_INCLUSION_DATE], [RECORD_UPDATE_DATE], [SOURCE_SYSTEM_IDENTIFIER]) VALUES (CAST(-1 AS Numeric(12, 0)), N'-1', N'Not applicable', N'Not applicable', GETDATE(), GETDATE(), CAST(-1 AS Numeric(12, 0)))
END

IF (SELECT COUNT(*) FROM ZRAD.[CURRENCY_VARIATION_DAY_DIMENSION])=0
BEGIN
INSERT ZRAD.[CURRENCY_VARIATION_DAY_DIMENSION] ([CURRENCY_VARIATION_DAY_ANCHOR_IDENTIFIER], [LOCAL_CURRENCY_IDENTIFIER], [FOREIGN_CURRENCY_IDENTIFIER], [TIME_DAY_IDENTIFIER], [SALES_DAY_PRICE_AMOUNT], [PURCHASE_DAY_PRICE_AMOUNT], [VARIANCE_DAY_PERCENT], [VARIANCE_DAY_AMOUNT], [EXCHANGE_RATE_NAME], [RECORD_INCLUSION_DATE], [RECORD_UPDATE_DATE], [SOURCE_SYSTEM_IDENTIFIER], [EXCHANGE_TYPE_IDENTIFIER]) VALUES (CAST(-3 AS Numeric(12, 0)), CAST(-3 AS Numeric(12, 0)), CAST(-3 AS Numeric(12, 0)), CAST(-3 AS Numeric(12, 0)), CAST(0.0000 AS Decimal(12, 4)), CAST(0.0000 AS Decimal(12, 4)), CAST(0.0000 AS Decimal(7, 4)), CAST(0.0000 AS Decimal(7, 4)), N'Missing value', GETDATE(), GETDATE(), CAST(-3 AS Numeric(12, 0)), CAST(-3 AS Numeric(12, 0)))
INSERT ZRAD.[CURRENCY_VARIATION_DAY_DIMENSION] ([CURRENCY_VARIATION_DAY_ANCHOR_IDENTIFIER], [LOCAL_CURRENCY_IDENTIFIER], [FOREIGN_CURRENCY_IDENTIFIER], [TIME_DAY_IDENTIFIER], [SALES_DAY_PRICE_AMOUNT], [PURCHASE_DAY_PRICE_AMOUNT], [VARIANCE_DAY_PERCENT], [VARIANCE_DAY_AMOUNT], [EXCHANGE_RATE_NAME], [RECORD_INCLUSION_DATE], [RECORD_UPDATE_DATE], [SOURCE_SYSTEM_IDENTIFIER], [EXCHANGE_TYPE_IDENTIFIER]) VALUES (CAST(-2 AS Numeric(12, 0)), CAST(-2 AS Numeric(12, 0)), CAST(-2 AS Numeric(12, 0)), CAST(-2 AS Numeric(12, 0)), CAST(0.0000 AS Decimal(12, 4)), CAST(0.0000 AS Decimal(12, 4)), CAST(0.0000 AS Decimal(7, 4)), CAST(0.0000 AS Decimal(7, 4)), N'To be regularized', GETDATE(), GETDATE(), CAST(-2 AS Numeric(12, 0)), CAST(-2 AS Numeric(12, 0)))
INSERT ZRAD.[CURRENCY_VARIATION_DAY_DIMENSION] ([CURRENCY_VARIATION_DAY_ANCHOR_IDENTIFIER], [LOCAL_CURRENCY_IDENTIFIER], [FOREIGN_CURRENCY_IDENTIFIER], [TIME_DAY_IDENTIFIER], [SALES_DAY_PRICE_AMOUNT], [PURCHASE_DAY_PRICE_AMOUNT], [VARIANCE_DAY_PERCENT], [VARIANCE_DAY_AMOUNT], [EXCHANGE_RATE_NAME], [RECORD_INCLUSION_DATE], [RECORD_UPDATE_DATE], [SOURCE_SYSTEM_IDENTIFIER], [EXCHANGE_TYPE_IDENTIFIER]) VALUES (CAST(-1 AS Numeric(12, 0)), CAST(-1 AS Numeric(12, 0)), CAST(-1 AS Numeric(12, 0)), CAST(-1 AS Numeric(12, 0)), CAST(0.0000 AS Decimal(12, 4)), CAST(0.0000 AS Decimal(12, 4)), CAST(0.0000 AS Decimal(7, 4)), CAST(0.0000 AS Decimal(7, 4)), N'Not applicable', GETDATE(), GETDATE(), CAST(-1 AS Numeric(12, 0)), CAST(-1 AS Numeric(12, 0)))
END

IF (SELECT COUNT(*) FROM ZRAD.[CURRENCY_VARIATION_MONTH_DIMENSION])=0
BEGIN
INSERT ZRAD.[CURRENCY_VARIATION_MONTH_DIMENSION] ([CURRENCY_VARIATION_MONTH_ANCHOR_IDENTIFIER], [LOCAL_CURRENCY_IDENTIFIER], [FOREIGN_CURRENCY_IDENTIFIER], [TIME_MONTH_IDENTIFIER], [SALES_PRICE_MONTH_AVERAGE_AMOUNT], [PURCHASE_PRICE_MONTH_AVERAGE_AMOUNT], [VARIANCE_MONTH_AVERAGE_PERCENT], [VARIANCE_MONTH_AVERAGE_AMOUNT], [RECORD_INCLUSION_DATE], [RECORD_UPDATE_DATE], [SOURCE_SYSTEM_IDENTIFIER]) VALUES (CAST(-3 AS Numeric(12, 0)), CAST(-3 AS Numeric(12, 0)), CAST(-3 AS Numeric(12, 0)), CAST(-3 AS Numeric(12, 0)), CAST(0.0000 AS Decimal(12, 4)), CAST(0.0000 AS Decimal(12, 4)), CAST(0.0000 AS Decimal(7, 4)), CAST(0.0000 AS Decimal(7, 4)), GETDATE(), GETDATE(), CAST(-3 AS Numeric(12, 0)))
INSERT ZRAD.[CURRENCY_VARIATION_MONTH_DIMENSION] ([CURRENCY_VARIATION_MONTH_ANCHOR_IDENTIFIER], [LOCAL_CURRENCY_IDENTIFIER], [FOREIGN_CURRENCY_IDENTIFIER], [TIME_MONTH_IDENTIFIER], [SALES_PRICE_MONTH_AVERAGE_AMOUNT], [PURCHASE_PRICE_MONTH_AVERAGE_AMOUNT], [VARIANCE_MONTH_AVERAGE_PERCENT], [VARIANCE_MONTH_AVERAGE_AMOUNT], [RECORD_INCLUSION_DATE], [RECORD_UPDATE_DATE], [SOURCE_SYSTEM_IDENTIFIER]) VALUES (CAST(-2 AS Numeric(12, 0)), CAST(-2 AS Numeric(12, 0)), CAST(-2 AS Numeric(12, 0)), CAST(-2 AS Numeric(12, 0)), CAST(0.0000 AS Decimal(12, 4)), CAST(0.0000 AS Decimal(12, 4)), CAST(0.0000 AS Decimal(7, 4)), CAST(0.0000 AS Decimal(7, 4)), GETDATE(), GETDATE(), CAST(-2 AS Numeric(12, 0)))
INSERT ZRAD.[CURRENCY_VARIATION_MONTH_DIMENSION] ([CURRENCY_VARIATION_MONTH_ANCHOR_IDENTIFIER], [LOCAL_CURRENCY_IDENTIFIER], [FOREIGN_CURRENCY_IDENTIFIER], [TIME_MONTH_IDENTIFIER], [SALES_PRICE_MONTH_AVERAGE_AMOUNT], [PURCHASE_PRICE_MONTH_AVERAGE_AMOUNT], [VARIANCE_MONTH_AVERAGE_PERCENT], [VARIANCE_MONTH_AVERAGE_AMOUNT], [RECORD_INCLUSION_DATE], [RECORD_UPDATE_DATE], [SOURCE_SYSTEM_IDENTIFIER]) VALUES (CAST(-1 AS Numeric(12, 0)), CAST(-1 AS Numeric(12, 0)), CAST(-1 AS Numeric(12, 0)), CAST(-1 AS Numeric(12, 0)), CAST(0.0000 AS Decimal(12, 4)), CAST(0.0000 AS Decimal(12, 4)), CAST(0.0000 AS Decimal(7, 4)), CAST(0.0000 AS Decimal(7, 4)), GETDATE(), GETDATE(), CAST(-1 AS Numeric(12, 0)))
END

IF (SELECT COUNT(*) FROM ZRAD.[DEVELOPMENT_PERIOD_DIMENSION])=0
BEGIN
INSERT ZRAD.[DEVELOPMENT_PERIOD_DIMENSION] ([DEVELOPMENT_PERIOD_ANCHOR_IDENTIFIER], [DEVELOPMENT_PERIOD_CODE], [DEVELOPMENT_PERIOD_NAME], [DEVELOPMENT_PERIOD_DESCRIPTION], [RECORD_INCLUSION_DATE], [RECORD_UPDATE_DATE], [SOURCE_SYSTEM_IDENTIFIER]) VALUES (CAST(-3 AS Numeric(12, 0)), N'-3', N'Missing value', N'Value missing in source data', GETDATE(), GETDATE(), CAST(-3 AS Numeric(12, 0)))
INSERT ZRAD.[DEVELOPMENT_PERIOD_DIMENSION] ([DEVELOPMENT_PERIOD_ANCHOR_IDENTIFIER], [DEVELOPMENT_PERIOD_CODE], [DEVELOPMENT_PERIOD_NAME], [DEVELOPMENT_PERIOD_DESCRIPTION], [RECORD_INCLUSION_DATE], [RECORD_UPDATE_DATE], [SOURCE_SYSTEM_IDENTIFIER]) VALUES (CAST(-2 AS Numeric(12, 0)), N'-2', N'To be regularized', N'Value not present in reference data', GETDATE(), GETDATE(), CAST(-2 AS Numeric(12, 0)))
INSERT ZRAD.[DEVELOPMENT_PERIOD_DIMENSION] ([DEVELOPMENT_PERIOD_ANCHOR_IDENTIFIER], [DEVELOPMENT_PERIOD_CODE], [DEVELOPMENT_PERIOD_NAME], [DEVELOPMENT_PERIOD_DESCRIPTION], [RECORD_INCLUSION_DATE], [RECORD_UPDATE_DATE], [SOURCE_SYSTEM_IDENTIFIER]) VALUES (CAST(-1 AS Numeric(12, 0)), N'-1', N'Not applicable', N'Not applicable', GETDATE(), GETDATE(), CAST(-1 AS Numeric(12, 0)))
END

IF (SELECT COUNT(*) FROM ZRAD.[DISTRIBUTION_CHANNEL_DIMENSION])=0
BEGIN
INSERT ZRAD.[DISTRIBUTION_CHANNEL_DIMENSION] ([DISTRIBUTION_CHANNEL_ANCHOR_IDENTIFIER], [DISTRIBUTION_CHANNEL_CODE], [DISTRIBUTION_CHANNEL_NAME], [DISTRIBUTION_CHANNEL_DESCRIPTION], [RECORD_INCLUSION_DATE], [RECORD_UPDATE_DATE], [SOURCE_SYSTEM_IDENTIFIER]) VALUES (CAST(-3 AS Numeric(12, 0)), N'-3', N'Missing value', N'Value missing in source data', GETDATE(), GETDATE(), CAST(-3 AS Numeric(12, 0)))
INSERT ZRAD.[DISTRIBUTION_CHANNEL_DIMENSION] ([DISTRIBUTION_CHANNEL_ANCHOR_IDENTIFIER], [DISTRIBUTION_CHANNEL_CODE], [DISTRIBUTION_CHANNEL_NAME], [DISTRIBUTION_CHANNEL_DESCRIPTION], [RECORD_INCLUSION_DATE], [RECORD_UPDATE_DATE], [SOURCE_SYSTEM_IDENTIFIER]) VALUES (CAST(-2 AS Numeric(12, 0)), N'-2', N'To be regularized', N'Value not present in reference data', GETDATE(), GETDATE(), CAST(-2 AS Numeric(12, 0)))
INSERT ZRAD.[DISTRIBUTION_CHANNEL_DIMENSION] ([DISTRIBUTION_CHANNEL_ANCHOR_IDENTIFIER], [DISTRIBUTION_CHANNEL_CODE], [DISTRIBUTION_CHANNEL_NAME], [DISTRIBUTION_CHANNEL_DESCRIPTION], [RECORD_INCLUSION_DATE], [RECORD_UPDATE_DATE], [SOURCE_SYSTEM_IDENTIFIER]) VALUES (CAST(-1 AS Numeric(12, 0)), N'-1', N'Not applicable', N'Not applicable', GETDATE(), GETDATE(), CAST(-1 AS Numeric(12, 0)))
END





IF (SELECT COUNT(*) FROM ZRAD.[FINANCIAL_SEGMENT_DIMENSION])=0
BEGIN
INSERT ZRAD.[FINANCIAL_SEGMENT_DIMENSION] ([FINANCIAL_SEGMENT_ANCHOR_IDENTIFIER], [FINANCIAL_SEGMENT_CODE], [FINANCIAL_SEGMENT_NAME], [FINANCIAL_SEGMENT_DESCRIPTION], [RECORD_INCLUSION_DATE], [RECORD_UPDATE_DATE], [SOURCE_SYSTEM_IDENTIFIER]) VALUES (CAST(-3 AS Numeric(12, 0)), N'-3', N'Missing value', N'Value missing in source data', GETDATE(), GETDATE(), CAST(-3 AS Numeric(12, 0)))
INSERT ZRAD.[FINANCIAL_SEGMENT_DIMENSION] ([FINANCIAL_SEGMENT_ANCHOR_IDENTIFIER], [FINANCIAL_SEGMENT_CODE], [FINANCIAL_SEGMENT_NAME], [FINANCIAL_SEGMENT_DESCRIPTION], [RECORD_INCLUSION_DATE], [RECORD_UPDATE_DATE], [SOURCE_SYSTEM_IDENTIFIER]) VALUES (CAST(-2 AS Numeric(12, 0)), N'-2', N'To be regularized', N'Value not present in reference data', GETDATE(), GETDATE(), CAST(-2 AS Numeric(12, 0)))
INSERT ZRAD.[FINANCIAL_SEGMENT_DIMENSION] ([FINANCIAL_SEGMENT_ANCHOR_IDENTIFIER], [FINANCIAL_SEGMENT_CODE], [FINANCIAL_SEGMENT_NAME], [FINANCIAL_SEGMENT_DESCRIPTION], [RECORD_INCLUSION_DATE], [RECORD_UPDATE_DATE], [SOURCE_SYSTEM_IDENTIFIER]) VALUES (CAST(-1 AS Numeric(12, 0)), N'-1', N'Not applicable', N'Not applicable', GETDATE(), GETDATE(), CAST(-1 AS Numeric(12, 0)))
END



IF (SELECT COUNT(*) FROM ZRAD.[FRAUD_INDICATOR_DIMENSION])=0
BEGIN
INSERT ZRAD.[FRAUD_INDICATOR_DIMENSION] ([FRAUD_INDICATOR_ANCHOR_IDENTIFIER], [FRAUD_INDICATOR_CODE], [FRAUD_INDICATOR_NAME], [FRAUD_INDICATOR_DESCRIPTION], [RECORD_INCLUSION_DATE], [RECORD_UPDATE_DATE], [SOURCE_SYSTEM_IDENTIFIER]) VALUES (CAST(-3 AS Numeric(12, 0)), N'-3', N'Missing value', N'Value missing in source data', GETDATE(), GETDATE(), CAST(-3 AS Numeric(12, 0)))
INSERT ZRAD.[FRAUD_INDICATOR_DIMENSION] ([FRAUD_INDICATOR_ANCHOR_IDENTIFIER], [FRAUD_INDICATOR_CODE], [FRAUD_INDICATOR_NAME], [FRAUD_INDICATOR_DESCRIPTION], [RECORD_INCLUSION_DATE], [RECORD_UPDATE_DATE], [SOURCE_SYSTEM_IDENTIFIER]) VALUES (CAST(-2 AS Numeric(12, 0)), N'-2', N'To be regularized', N'Value not present in reference data', GETDATE(), GETDATE(), CAST(-2 AS Numeric(12, 0)))
INSERT ZRAD.[FRAUD_INDICATOR_DIMENSION] ([FRAUD_INDICATOR_ANCHOR_IDENTIFIER], [FRAUD_INDICATOR_CODE], [FRAUD_INDICATOR_NAME], [FRAUD_INDICATOR_DESCRIPTION], [RECORD_INCLUSION_DATE], [RECORD_UPDATE_DATE], [SOURCE_SYSTEM_IDENTIFIER]) VALUES (CAST(-1 AS Numeric(12, 0)), N'-1', N'Not applicable', N'Not applicable', GETDATE(), GETDATE(), CAST(-1 AS Numeric(12, 0)))
END

IF (SELECT COUNT(*) FROM ZRAD.[GENDER_TYPE_DIMENSION])=0
BEGIN
INSERT ZRAD.[GENDER_TYPE_DIMENSION] ([GENDER_TYPE_ANCHOR_IDENTIFIER], [GENDER_TYPE_CODE], [GENDER_TYPE_NAME], [GENDER_TYPE_DESCRIPTION], [RECORD_INCLUSION_DATE], [RECORD_UPDATE_DATE]) VALUES (CAST(-3 AS Numeric(12, 0)), N'-3', N'Missing value', N'Value missing in source data', GETDATE(), GETDATE())
INSERT ZRAD.[GENDER_TYPE_DIMENSION] ([GENDER_TYPE_ANCHOR_IDENTIFIER], [GENDER_TYPE_CODE], [GENDER_TYPE_NAME], [GENDER_TYPE_DESCRIPTION], [RECORD_INCLUSION_DATE], [RECORD_UPDATE_DATE]) VALUES (CAST(-2 AS Numeric(12, 0)), N'-2', N'To be regularized', N'Value not present in reference data', GETDATE(), GETDATE())
INSERT ZRAD.[GENDER_TYPE_DIMENSION] ([GENDER_TYPE_ANCHOR_IDENTIFIER], [GENDER_TYPE_CODE], [GENDER_TYPE_NAME], [GENDER_TYPE_DESCRIPTION], [RECORD_INCLUSION_DATE], [RECORD_UPDATE_DATE]) VALUES (CAST(-1 AS Numeric(12, 0)), N'-1', N'Not applicable', N'Not applicable', GETDATE(), GETDATE())
END


IF (SELECT COUNT(*) FROM ZRAD.[MAJOR_GROUP_LINE_BUSINESS_DIMENSION])=0
BEGIN
INSERT ZRAD.[MAJOR_GROUP_LINE_BUSINESS_DIMENSION] ([MAJOR_GROUP_LINE_BUSINESS_ANCHOR_IDENTIFIER], [MAJOR_GROUP_LINE_BUSINESS_CODE], [MAJOR_GROUP_LINE_BUSINESS_NAME], [MAJOR_GROUP_LINE_BUSINESS_DESCRIPTION], [RECORD_INCLUSION_DATE], [RECORD_UPDATE_DATE], [SOURCE_SYSTEM_IDENTIFIER]) VALUES (CAST(-3 AS Numeric(12, 0)), N'-3', N'Missing value', N'Value missing in source data', GETDATE(), GETDATE(), CAST(-3 AS Numeric(12, 0)))
INSERT ZRAD.[MAJOR_GROUP_LINE_BUSINESS_DIMENSION] ([MAJOR_GROUP_LINE_BUSINESS_ANCHOR_IDENTIFIER], [MAJOR_GROUP_LINE_BUSINESS_CODE], [MAJOR_GROUP_LINE_BUSINESS_NAME], [MAJOR_GROUP_LINE_BUSINESS_DESCRIPTION], [RECORD_INCLUSION_DATE], [RECORD_UPDATE_DATE], [SOURCE_SYSTEM_IDENTIFIER]) VALUES (CAST(-2 AS Numeric(12, 0)), N'-2', N'To be regularized', N'Value not present in reference data', GETDATE(), GETDATE(), CAST(-2 AS Numeric(12, 0)))
INSERT ZRAD.[MAJOR_GROUP_LINE_BUSINESS_DIMENSION] ([MAJOR_GROUP_LINE_BUSINESS_ANCHOR_IDENTIFIER], [MAJOR_GROUP_LINE_BUSINESS_CODE], [MAJOR_GROUP_LINE_BUSINESS_NAME], [MAJOR_GROUP_LINE_BUSINESS_DESCRIPTION], [RECORD_INCLUSION_DATE], [RECORD_UPDATE_DATE], [SOURCE_SYSTEM_IDENTIFIER]) VALUES (CAST(-1 AS Numeric(12, 0)), N'-1', N'Not applicable', N'Not applicable', GETDATE(), GETDATE(), CAST(-1 AS Numeric(12, 0)))
END


IF (SELECT COUNT(*) FROM ZRAD.[GROUP_LINE_BUSINESS_DIMENSION])=0
BEGIN
INSERT ZRAD.[GROUP_LINE_BUSINESS_DIMENSION] ([GROUP_LINE_BUSINESS_ANCHOR_IDENTIFIER], [GROUP_LINE_BUSINESS_CODE], [GROUP_LINE_BUSINESS_NAME], [GROUP_LINE_BUSINESS_DESCRIPTION], [MAJOR_GROUP_LINE_BUSINESS_IDENTIFIER], [RECORD_INCLUSION_DATE], [RECORD_UPDATE_DATE], [SOURCE_SYSTEM_IDENTIFIER]) VALUES (CAST(-3 AS Numeric(12, 0)), N'-3', N'Missing value', N'Value missing in source data', CAST(-3 AS Numeric(12, 0)), GETDATE(), GETDATE(), CAST(-3 AS Numeric(12, 0)))
INSERT ZRAD.[GROUP_LINE_BUSINESS_DIMENSION] ([GROUP_LINE_BUSINESS_ANCHOR_IDENTIFIER], [GROUP_LINE_BUSINESS_CODE], [GROUP_LINE_BUSINESS_NAME], [GROUP_LINE_BUSINESS_DESCRIPTION], [MAJOR_GROUP_LINE_BUSINESS_IDENTIFIER], [RECORD_INCLUSION_DATE], [RECORD_UPDATE_DATE], [SOURCE_SYSTEM_IDENTIFIER]) VALUES (CAST(-2 AS Numeric(12, 0)), N'-2', N'To be regularized', N'Value not present in reference data', CAST(-2 AS Numeric(12, 0)), GETDATE(), GETDATE(), CAST(-2 AS Numeric(12, 0)))
INSERT ZRAD.[GROUP_LINE_BUSINESS_DIMENSION] ([GROUP_LINE_BUSINESS_ANCHOR_IDENTIFIER], [GROUP_LINE_BUSINESS_CODE], [GROUP_LINE_BUSINESS_NAME], [GROUP_LINE_BUSINESS_DESCRIPTION], [MAJOR_GROUP_LINE_BUSINESS_IDENTIFIER], [RECORD_INCLUSION_DATE], [RECORD_UPDATE_DATE], [SOURCE_SYSTEM_IDENTIFIER]) VALUES (CAST(-1 AS Numeric(12, 0)), N'-1', N'Not applicable', N'Not applicable', CAST(-1 AS Numeric(12, 0)), GETDATE(), GETDATE(), CAST(-1 AS Numeric(12, 0)))
END

IF (SELECT COUNT(*) FROM ZRAD.[INDUSTRY_CLASS_DIMENSION])=0
BEGIN
INSERT ZRAD.[INDUSTRY_CLASS_DIMENSION] ([INDUSTRY_CLASS_ANCHOR_IDENTIFIER], [INDUSTRY_CLASS_CODE], [INDUSTRY_CLASS_NAME], [INDUSTRY_CLASS_DESCRIPTION], [RECORD_INCLUSION_DATE], [RECORD_UPDATE_DATE], [SOURCE_SYSTEM_IDENTIFIER]) VALUES (CAST(-3 AS Numeric(12, 0)), N'-3', N'Missing value', N'Value missing in source data', GETDATE(), GETDATE(), CAST(-3 AS Numeric(12, 0)))
INSERT ZRAD.[INDUSTRY_CLASS_DIMENSION] ([INDUSTRY_CLASS_ANCHOR_IDENTIFIER], [INDUSTRY_CLASS_CODE], [INDUSTRY_CLASS_NAME], [INDUSTRY_CLASS_DESCRIPTION], [RECORD_INCLUSION_DATE], [RECORD_UPDATE_DATE], [SOURCE_SYSTEM_IDENTIFIER]) VALUES (CAST(-2 AS Numeric(12, 0)), N'-2', N'To be regularized', N'Value not present in reference data', GETDATE(), GETDATE(), CAST(-2 AS Numeric(12, 0)))
INSERT ZRAD.[INDUSTRY_CLASS_DIMENSION] ([INDUSTRY_CLASS_ANCHOR_IDENTIFIER], [INDUSTRY_CLASS_CODE], [INDUSTRY_CLASS_NAME], [INDUSTRY_CLASS_DESCRIPTION], [RECORD_INCLUSION_DATE], [RECORD_UPDATE_DATE], [SOURCE_SYSTEM_IDENTIFIER]) VALUES (CAST(-1 AS Numeric(12, 0)), N'-1', N'Not applicable', N'Not applicable', GETDATE(), GETDATE(), CAST(-1 AS Numeric(12, 0)))
END


IF (SELECT COUNT(*) FROM ZRAD.[INFLATION_DIMENSION])=0
BEGIN
INSERT ZRAD.[INFLATION_DIMENSION] ([INFLATION_ANCHOR_IDENTIFIER], [INFLATION_CODE], [INFLATION_NAME], [INFLATION_DESCRIPTION], [INFLATION_AMOUNT], [TIME_YEAR_IDENTIFIER], [RECORD_INCLUSION_DATE], [RECORD_UPDATE_DATE], [DATE_VALID_FROM], [DATE_VALID_TO], [SOURCE_SYSTEM_IDENTIFIER]) VALUES (CAST(-3 AS Numeric(12, 0)), N'-3', N'Missing value', N'Value missing in source data', CAST(0.000000 AS Decimal(8, 6)), CAST(-1 AS Numeric(12, 0)), GETDATE(), GETDATE(), GETDATE(), GETDATE(), CAST(-1 AS Numeric(12, 0)))
INSERT ZRAD.[INFLATION_DIMENSION] ([INFLATION_ANCHOR_IDENTIFIER], [INFLATION_CODE], [INFLATION_NAME], [INFLATION_DESCRIPTION], [INFLATION_AMOUNT], [TIME_YEAR_IDENTIFIER], [RECORD_INCLUSION_DATE], [RECORD_UPDATE_DATE], [DATE_VALID_FROM], [DATE_VALID_TO], [SOURCE_SYSTEM_IDENTIFIER]) VALUES (CAST(-2 AS Numeric(12, 0)), N'-2', N'To be regularized', N'Value not present in reference data', CAST(0.000000 AS Decimal(8, 6)), CAST(-1 AS Numeric(12, 0)), GETDATE(), GETDATE(), GETDATE(), GETDATE(), CAST(-1 AS Numeric(12, 0)))
INSERT ZRAD.[INFLATION_DIMENSION] ([INFLATION_ANCHOR_IDENTIFIER], [INFLATION_CODE], [INFLATION_NAME], [INFLATION_DESCRIPTION], [INFLATION_AMOUNT], [TIME_YEAR_IDENTIFIER], [RECORD_INCLUSION_DATE], [RECORD_UPDATE_DATE], [DATE_VALID_FROM], [DATE_VALID_TO], [SOURCE_SYSTEM_IDENTIFIER]) VALUES (CAST(-1 AS Numeric(12, 0)), N'-1', N'Not applicable', N'Not applicable', CAST(0.000000 AS Decimal(8, 6)), CAST(-1 AS Numeric(12, 0)), GETDATE(), GETDATE(), GETDATE(), GETDATE(), CAST(-1 AS Numeric(12, 0)))
END

IF (SELECT COUNT(*) FROM ZRAD.[INFORMATION_TYPE_DIMENSION])=0
BEGIN
INSERT ZRAD.[INFORMATION_TYPE_DIMENSION] ([INFORMATION_TYPE_ANCHOR_IDENTIFIER], [INFORMATION_TYPE_CODE], [INFORMATION_TYPE_NAME], [INFORMATION_TYPE_DESCRIPTION], [RECORD_INCLUSION_DATE], [RECORD_UPDATE_DATE], [SOURCE_SYSTEM_IDENTIFIER]) VALUES (CAST(-3 AS Numeric(12, 0)), N'-3', N'Missing value', N'Value missing in source data', GETDATE(), GETDATE(), CAST(-3 AS Numeric(12, 0)))
INSERT ZRAD.[INFORMATION_TYPE_DIMENSION] ([INFORMATION_TYPE_ANCHOR_IDENTIFIER], [INFORMATION_TYPE_CODE], [INFORMATION_TYPE_NAME], [INFORMATION_TYPE_DESCRIPTION], [RECORD_INCLUSION_DATE], [RECORD_UPDATE_DATE], [SOURCE_SYSTEM_IDENTIFIER]) VALUES (CAST(-2 AS Numeric(12, 0)), N'-2', N'To be regularized', N'Value not present in reference data', GETDATE(), GETDATE(), CAST(-2 AS Numeric(12, 0)))
INSERT ZRAD.[INFORMATION_TYPE_DIMENSION] ([INFORMATION_TYPE_ANCHOR_IDENTIFIER], [INFORMATION_TYPE_CODE], [INFORMATION_TYPE_NAME], [INFORMATION_TYPE_DESCRIPTION], [RECORD_INCLUSION_DATE], [RECORD_UPDATE_DATE], [SOURCE_SYSTEM_IDENTIFIER]) VALUES (CAST(-1 AS Numeric(12, 0)), N'-1', N'Not applicable', N'Not applicable', GETDATE(), GETDATE(), CAST(-1 AS Numeric(12, 0)))
END

IF (SELECT COUNT(*) FROM ZRAD.[INSURANCE_LINE_GROUP_DIMENSION])=0
BEGIN
INSERT ZRAD.[INSURANCE_LINE_GROUP_DIMENSION] ([INSURANCE_LINE_GROUP_ANCHOR_IDENTIFIER], [INSURANCE_LINE_GROUP_CODE], [INSURANCE_LINE_GROUP_NAME], [INSURANCE_LINE_GROUP_DESCRIPTION], [RECORD_INCLUSION_DATE], [RECORD_UPDATE_DATE], [SOURCE_SYSTEM_IDENTIFIER]) VALUES (CAST(-3 AS Numeric(12, 0)), N'-3', N'Missing value', N'Value missing in source data', GETDATE(), GETDATE(), CAST(-3 AS Numeric(12, 0)))
INSERT ZRAD.[INSURANCE_LINE_GROUP_DIMENSION] ([INSURANCE_LINE_GROUP_ANCHOR_IDENTIFIER], [INSURANCE_LINE_GROUP_CODE], [INSURANCE_LINE_GROUP_NAME], [INSURANCE_LINE_GROUP_DESCRIPTION], [RECORD_INCLUSION_DATE], [RECORD_UPDATE_DATE], [SOURCE_SYSTEM_IDENTIFIER]) VALUES (CAST(-2 AS Numeric(12, 0)), N'-2', N'To be regularized', N'Value not present in reference data', GETDATE(), GETDATE(), CAST(-2 AS Numeric(12, 0)))
INSERT ZRAD.[INSURANCE_LINE_GROUP_DIMENSION] ([INSURANCE_LINE_GROUP_ANCHOR_IDENTIFIER], [INSURANCE_LINE_GROUP_CODE], [INSURANCE_LINE_GROUP_NAME], [INSURANCE_LINE_GROUP_DESCRIPTION], [RECORD_INCLUSION_DATE], [RECORD_UPDATE_DATE], [SOURCE_SYSTEM_IDENTIFIER]) VALUES (CAST(-1 AS Numeric(12, 0)), N'-1', N'Not applicable', N'Not applicable', GETDATE(), GETDATE(), CAST(-1 AS Numeric(12, 0)))
END

IF (SELECT COUNT(*) FROM ZRAD.[INSURANCE_LINE_DIMENSION])=0
BEGIN
INSERT ZRAD.[INSURANCE_LINE_DIMENSION] ([INSURANCE_LINE_ANCHOR_IDENTIFIER], [INSURANCE_LINE_CODE], [INSURANCE_LINE_NAME], [INSURANCE_LINE_DESCRIPTION], [INSURANCE_LINE_GROUP_IDENTIFIER], [INSURANCE_LINE_COUNTRY_IDENTIFIER], [TIME_YEAR_IDENTIFIER], [RECORD_INCLUSION_DATE], [RECORD_UPDATE_DATE], [SOURCE_SYSTEM_IDENTIFIER]) VALUES (CAST(-3 AS Numeric(12, 0)), N'-3', N'Missing value', N'Value missing in source data', CAST(-3 AS Numeric(12, 0)), CAST(-3 AS Numeric(12, 0)), CAST(-3 AS Numeric(12, 0)), GETDATE(), GETDATE(), CAST(-3 AS Numeric(12, 0)))
INSERT ZRAD.[INSURANCE_LINE_DIMENSION] ([INSURANCE_LINE_ANCHOR_IDENTIFIER], [INSURANCE_LINE_CODE], [INSURANCE_LINE_NAME], [INSURANCE_LINE_DESCRIPTION], [INSURANCE_LINE_GROUP_IDENTIFIER], [INSURANCE_LINE_COUNTRY_IDENTIFIER], [TIME_YEAR_IDENTIFIER], [RECORD_INCLUSION_DATE], [RECORD_UPDATE_DATE], [SOURCE_SYSTEM_IDENTIFIER]) VALUES (CAST(-2 AS Numeric(12, 0)), N'-2', N'To be regularized', N'Value not present in reference data', CAST(-2 AS Numeric(12, 0)), CAST(-2 AS Numeric(12, 0)), CAST(-2 AS Numeric(12, 0)), GETDATE(), GETDATE(), CAST(-2 AS Numeric(12, 0)))
INSERT ZRAD.[INSURANCE_LINE_DIMENSION] ([INSURANCE_LINE_ANCHOR_IDENTIFIER], [INSURANCE_LINE_CODE], [INSURANCE_LINE_NAME], [INSURANCE_LINE_DESCRIPTION], [INSURANCE_LINE_GROUP_IDENTIFIER], [INSURANCE_LINE_COUNTRY_IDENTIFIER], [TIME_YEAR_IDENTIFIER], [RECORD_INCLUSION_DATE], [RECORD_UPDATE_DATE], [SOURCE_SYSTEM_IDENTIFIER]) VALUES (CAST(-1 AS Numeric(12, 0)), N'-1', N'Not applicable', N'Not applicable', CAST(-1 AS Numeric(12, 0)), CAST(-1 AS Numeric(12, 0)), CAST(-1 AS Numeric(12, 0)), GETDATE(), GETDATE(), CAST(-1 AS Numeric(12, 0)))
END



IF (SELECT COUNT(*) FROM ZRAD.[INSURANCE_MOVEMENT_TYPE_DIMENSION])=0
BEGIN
INSERT ZRAD.[INSURANCE_MOVEMENT_TYPE_DIMENSION] ([INSURANCE_MOVEMENT_TYPE_ANCHOR_IDENTIFIER], [INSURANCE_MOVEMENT_TYPE_CODE], [INSURANCE_MOVEMENT_TYPE_NAME], [INSURANCE_MOVEMENT_TYPE_DESCRIPTION], [RECORD_INCLUSION_DATE], [RECORD_UPDATE_DATE], [SOURCE_SYSTEM_IDENTIFIER]) VALUES (CAST(-3 AS Numeric(12, 0)), N'-3', N'Missing value', N'Value missing in source data', GETDATE(), GETDATE(), CAST(-3 AS Numeric(12, 0)))
INSERT ZRAD.[INSURANCE_MOVEMENT_TYPE_DIMENSION] ([INSURANCE_MOVEMENT_TYPE_ANCHOR_IDENTIFIER], [INSURANCE_MOVEMENT_TYPE_CODE], [INSURANCE_MOVEMENT_TYPE_NAME], [INSURANCE_MOVEMENT_TYPE_DESCRIPTION], [RECORD_INCLUSION_DATE], [RECORD_UPDATE_DATE], [SOURCE_SYSTEM_IDENTIFIER]) VALUES (CAST(-2 AS Numeric(12, 0)), N'-2', N'To be regularized', N'Value not present in reference data', GETDATE(), GETDATE(), CAST(-2 AS Numeric(12, 0)))
INSERT ZRAD.[INSURANCE_MOVEMENT_TYPE_DIMENSION] ([INSURANCE_MOVEMENT_TYPE_ANCHOR_IDENTIFIER], [INSURANCE_MOVEMENT_TYPE_CODE], [INSURANCE_MOVEMENT_TYPE_NAME], [INSURANCE_MOVEMENT_TYPE_DESCRIPTION], [RECORD_INCLUSION_DATE], [RECORD_UPDATE_DATE], [SOURCE_SYSTEM_IDENTIFIER]) VALUES (CAST(-1 AS Numeric(12, 0)), N'-1', N'Not applicable', N'Not applicable', GETDATE(), GETDATE(), CAST(-1 AS Numeric(12, 0)))
END

IF (SELECT COUNT(*) FROM ZRAD.[INSURANCE_SEGMENT_DIMENSION])=0
BEGIN
INSERT ZRAD.[INSURANCE_SEGMENT_DIMENSION] ([INSURANCE_SEGMENT_ANCHOR_IDENTIFIER], [INSURANCE_SEGMENT_CODE], [INSURANCE_SEGMENT_NAME], [INSURANCE_SEGMENT_DESCRIPTION], [RECORD_INCLUSION_DATE], [RECORD_UPDATE_DATE], [SOURCE_SYSTEM_IDENTIFIER]) VALUES (CAST(-3 AS Numeric(12, 0)), N'-3', N'Missing value', N'Value missing in source data', GETDATE(), GETDATE(), CAST(-3 AS Numeric(12, 0)))
INSERT ZRAD.[INSURANCE_SEGMENT_DIMENSION] ([INSURANCE_SEGMENT_ANCHOR_IDENTIFIER], [INSURANCE_SEGMENT_CODE], [INSURANCE_SEGMENT_NAME], [INSURANCE_SEGMENT_DESCRIPTION], [RECORD_INCLUSION_DATE], [RECORD_UPDATE_DATE], [SOURCE_SYSTEM_IDENTIFIER]) VALUES (CAST(-2 AS Numeric(12, 0)), N'-2', N'To be regularized', N'Value not present in reference data', GETDATE(), GETDATE(), CAST(-2 AS Numeric(12, 0)))
INSERT ZRAD.[INSURANCE_SEGMENT_DIMENSION] ([INSURANCE_SEGMENT_ANCHOR_IDENTIFIER], [INSURANCE_SEGMENT_CODE], [INSURANCE_SEGMENT_NAME], [INSURANCE_SEGMENT_DESCRIPTION], [RECORD_INCLUSION_DATE], [RECORD_UPDATE_DATE], [SOURCE_SYSTEM_IDENTIFIER]) VALUES (CAST(-1 AS Numeric(12, 0)), N'-1', N'Not applicable', N'Not applicable', GETDATE(), GETDATE(), CAST(-1 AS Numeric(12, 0)))
END

IF (SELECT COUNT(*) FROM ZRAD.[INSURANCE_TYPE_DIMENSION])=0
BEGIN
INSERT ZRAD.[INSURANCE_TYPE_DIMENSION] ([INSURANCE_TYPE_ANCHOR_IDENTIFIER], [INSURANCE_TYPE_CODE], [INSURANCE_TYPE_NAME], [INSURANCE_TYPE_DESCRIPTION], [REINSURANCE_INDICATOR_IDENTIFIER], [RECORD_INCLUSION_DATE], [RECORD_UPDATE_DATE], [SOURCE_SYSTEM_IDENTIFIER]) VALUES (CAST(-3 AS Numeric(12, 0)), N'-3', N'Missing value', N'Value missing in source data', CAST(-3 AS Numeric(3, 0)), GETDATE(), GETDATE(), CAST(-3 AS Numeric(12, 0)))
INSERT ZRAD.[INSURANCE_TYPE_DIMENSION] ([INSURANCE_TYPE_ANCHOR_IDENTIFIER], [INSURANCE_TYPE_CODE], [INSURANCE_TYPE_NAME], [INSURANCE_TYPE_DESCRIPTION], [REINSURANCE_INDICATOR_IDENTIFIER], [RECORD_INCLUSION_DATE], [RECORD_UPDATE_DATE], [SOURCE_SYSTEM_IDENTIFIER]) VALUES (CAST(-2 AS Numeric(12, 0)), N'-2', N'To be regularized', N'Value not present in reference data', CAST(-2 AS Numeric(3, 0)), GETDATE(), GETDATE(), CAST(-2 AS Numeric(12, 0)))
INSERT ZRAD.[INSURANCE_TYPE_DIMENSION] ([INSURANCE_TYPE_ANCHOR_IDENTIFIER], [INSURANCE_TYPE_CODE], [INSURANCE_TYPE_NAME], [INSURANCE_TYPE_DESCRIPTION], [REINSURANCE_INDICATOR_IDENTIFIER], [RECORD_INCLUSION_DATE], [RECORD_UPDATE_DATE], [SOURCE_SYSTEM_IDENTIFIER]) VALUES (CAST(-1 AS Numeric(12, 0)), N'-1', N'Not applicable', N'Not applicable', CAST(-1 AS Numeric(3, 0)), GETDATE(), GETDATE(), CAST(-1 AS Numeric(12, 0)))
END

IF (SELECT COUNT(*) FROM ZRAD.[INTERNATIONAL_PROGRAM_DIMENSION])=0
BEGIN
INSERT ZRAD.[INTERNATIONAL_PROGRAM_DIMENSION] ([INTERNATIONAL_PROGRAM_ANCHOR_IDENTIFIER], [INTERNATIONAL_PROGRAM_CODE], [INTERNATIONAL_PROGRAM_NAME], [INTERNATIONAL_PROGRAM_DESCRIPTION], [RECORD_INCLUSION_DATE], [RECORD_UPDATE_DATE], [SOURCE_SYSTEM_IDENTIFIER]) VALUES (CAST(-3 AS Numeric(12, 0)), N'-3', N'Missing value', N'Value missing in source data', GETDATE(), GETDATE(), CAST(-3 AS Numeric(12, 0)))
INSERT ZRAD.[INTERNATIONAL_PROGRAM_DIMENSION] ([INTERNATIONAL_PROGRAM_ANCHOR_IDENTIFIER], [INTERNATIONAL_PROGRAM_CODE], [INTERNATIONAL_PROGRAM_NAME], [INTERNATIONAL_PROGRAM_DESCRIPTION], [RECORD_INCLUSION_DATE], [RECORD_UPDATE_DATE], [SOURCE_SYSTEM_IDENTIFIER]) VALUES (CAST(-2 AS Numeric(12, 0)), N'-2', N'To be regularized', N'Value not present in reference data', GETDATE(), GETDATE(), CAST(-2 AS Numeric(12, 0)))
INSERT ZRAD.[INTERNATIONAL_PROGRAM_DIMENSION] ([INTERNATIONAL_PROGRAM_ANCHOR_IDENTIFIER], [INTERNATIONAL_PROGRAM_CODE], [INTERNATIONAL_PROGRAM_NAME], [INTERNATIONAL_PROGRAM_DESCRIPTION], [RECORD_INCLUSION_DATE], [RECORD_UPDATE_DATE], [SOURCE_SYSTEM_IDENTIFIER]) VALUES (CAST(-1 AS Numeric(12, 0)), N'-1', N'Not applicable', N'Not applicable', GETDATE(), GETDATE(), CAST(-1 AS Numeric(12, 0)))
END

IF (SELECT COUNT(*) FROM ZRAD.[INVOLVED_TYPE_DIMENSION])=0
BEGIN
INSERT ZRAD.[INVOLVED_TYPE_DIMENSION] ([INVOLVED_TYPE_ANCHOR_IDENTIFIER], [INVOLVED_TYPE_CODE], [INVOLVED_TYPE_NAME], [INVOLVED_TYPE_DESCRIPTION], [RECORD_INCLUSION_DATE], [RECORD_UPDATE_DATE], [SOURCE_SYSTEM_IDENTIFIER]) VALUES (CAST(-3 AS Numeric(12, 0)), N'-3', N'Missing value', N'Value missing in source data', GETDATE(), GETDATE(), CAST(-3 AS Numeric(12, 0)))
INSERT ZRAD.[INVOLVED_TYPE_DIMENSION] ([INVOLVED_TYPE_ANCHOR_IDENTIFIER], [INVOLVED_TYPE_CODE], [INVOLVED_TYPE_NAME], [INVOLVED_TYPE_DESCRIPTION], [RECORD_INCLUSION_DATE], [RECORD_UPDATE_DATE], [SOURCE_SYSTEM_IDENTIFIER]) VALUES (CAST(-2 AS Numeric(12, 0)), N'-2', N'To be regularized', N'Value not present in reference data', GETDATE(), GETDATE(), CAST(-2 AS Numeric(12, 0)))
INSERT ZRAD.[INVOLVED_TYPE_DIMENSION] ([INVOLVED_TYPE_ANCHOR_IDENTIFIER], [INVOLVED_TYPE_CODE], [INVOLVED_TYPE_NAME], [INVOLVED_TYPE_DESCRIPTION], [RECORD_INCLUSION_DATE], [RECORD_UPDATE_DATE], [SOURCE_SYSTEM_IDENTIFIER]) VALUES (CAST(-1 AS Numeric(12, 0)), N'-1', N'Not applicable', N'Not applicable', GETDATE(), GETDATE(), CAST(-1 AS Numeric(12, 0)))
END




IF (SELECT COUNT(*) FROM ZRAD.[PARTY_ROLE_TYPE_DIMENSION])=0
BEGIN
INSERT ZRAD.[PARTY_ROLE_TYPE_DIMENSION] ([PARTY_ROLE_TYPE_ANCHOR_IDENTIFIER], [PARTY_ROLE_TYPE_CODE], [PARTY_ROLE_TYPE_NAME], [PARTY_ROLE_TYPE_DESCRIPTION], [RECORD_INCLUSION_DATE], [RECORD_UPDATE_DATE], [SOURCE_SYSTEM_IDENTIFIER]) VALUES (CAST(-3 AS Numeric(12, 0)), N'-3', N'Missing value', N'Value missing in source data', GETDATE(), GETDATE(), CAST(-3 AS Numeric(12, 0)))
INSERT ZRAD.[PARTY_ROLE_TYPE_DIMENSION] ([PARTY_ROLE_TYPE_ANCHOR_IDENTIFIER], [PARTY_ROLE_TYPE_CODE], [PARTY_ROLE_TYPE_NAME], [PARTY_ROLE_TYPE_DESCRIPTION], [RECORD_INCLUSION_DATE], [RECORD_UPDATE_DATE], [SOURCE_SYSTEM_IDENTIFIER]) VALUES (CAST(-2 AS Numeric(12, 0)), N'-2', N'To be regularized', N'Value not present in reference data', GETDATE(), GETDATE(), CAST(-2 AS Numeric(12, 0)))
INSERT ZRAD.[PARTY_ROLE_TYPE_DIMENSION] ([PARTY_ROLE_TYPE_ANCHOR_IDENTIFIER], [PARTY_ROLE_TYPE_CODE], [PARTY_ROLE_TYPE_NAME], [PARTY_ROLE_TYPE_DESCRIPTION], [RECORD_INCLUSION_DATE], [RECORD_UPDATE_DATE], [SOURCE_SYSTEM_IDENTIFIER]) VALUES (CAST(-1 AS Numeric(12, 0)), N'-1', N'Not applicable', N'Not applicable', GETDATE(), GETDATE(), CAST(-1 AS Numeric(12, 0)))
END



IF (SELECT COUNT(*) FROM ZRAD.[MARITAL_STATUS_DIMENSION])=0
BEGIN
INSERT ZRAD.[MARITAL_STATUS_DIMENSION] ([MARITAL_STATUS_ANCHOR_IDENTIFIER], [MARITAL_STATUS_CODE], [MARITAL_STATUS_NAME], [MARITAL_STATUS_DESCRIPTION], [RECORD_INCLUSION_DATE], [RECORD_UPDATE_DATE]) VALUES (CAST(-3 AS Numeric(12, 0)), N'-3', N'Missing value', N'Value missing in source data', GETDATE(), GETDATE())
INSERT ZRAD.[MARITAL_STATUS_DIMENSION] ([MARITAL_STATUS_ANCHOR_IDENTIFIER], [MARITAL_STATUS_CODE], [MARITAL_STATUS_NAME], [MARITAL_STATUS_DESCRIPTION], [RECORD_INCLUSION_DATE], [RECORD_UPDATE_DATE]) VALUES (CAST(-2 AS Numeric(12, 0)), N'-2', N'To be regularized', N'Value not present in reference data', GETDATE(), GETDATE())
INSERT ZRAD.[MARITAL_STATUS_DIMENSION] ([MARITAL_STATUS_ANCHOR_IDENTIFIER], [MARITAL_STATUS_CODE], [MARITAL_STATUS_NAME], [MARITAL_STATUS_DESCRIPTION], [RECORD_INCLUSION_DATE], [RECORD_UPDATE_DATE]) VALUES (CAST(-1 AS Numeric(12, 0)), N'-1', N'Not applicable', N'Not applicable', GETDATE(), GETDATE())
END


IF (SELECT COUNT(*) FROM ZRAD.[PERSON_TYPE_DIMENSION])=0
BEGIN
INSERT ZRAD.[PERSON_TYPE_DIMENSION] ([PERSON_TYPE_ANCHOR_IDENTIFIER], [PERSON_TYPE_CODE], [PERSON_TYPE_NAME], [PERSON_TYPE_DESCRIPTION], [RECORD_INCLUSION_DATE], [RECORD_UPDATE_DATE]) VALUES (CAST(-3 AS Numeric(12, 0)), N'-3', N'Missing value', N'Value missing in source data', GETDATE(), GETDATE())
INSERT ZRAD.[PERSON_TYPE_DIMENSION] ([PERSON_TYPE_ANCHOR_IDENTIFIER], [PERSON_TYPE_CODE], [PERSON_TYPE_NAME], [PERSON_TYPE_DESCRIPTION], [RECORD_INCLUSION_DATE], [RECORD_UPDATE_DATE]) VALUES (CAST(-2 AS Numeric(12, 0)), N'-2', N'To be regularized', N'Value not present in reference data', GETDATE(), GETDATE())
INSERT ZRAD.[PERSON_TYPE_DIMENSION] ([PERSON_TYPE_ANCHOR_IDENTIFIER], [PERSON_TYPE_CODE], [PERSON_TYPE_NAME], [PERSON_TYPE_DESCRIPTION], [RECORD_INCLUSION_DATE], [RECORD_UPDATE_DATE]) VALUES (CAST(-1 AS Numeric(12, 0)), N'-1', N'Missing value', N'Value missing in source data', GETDATE(), GETDATE())
END

IF (SELECT COUNT(*) FROM ZRAD.[PARTY_TYPE_DIMENSION])=0
BEGIN
INSERT ZRAD.[PARTY_TYPE_DIMENSION] ([PARTY_TYPE_ANCHOR_IDENTIFIER], [PARTY_TYPE_CODE], [PARTY_TYPE_NAME], [PARTY_TYPE_DESCRIPTION], [PERSON_TYPE_IDENTIFIER], [RECORD_INCLUSION_DATE], [RECORD_UPDATE_DATE], [SOURCE_SYSTEM_IDENTIFIER]) VALUES (CAST(-3 AS Numeric(12, 0)), N'-3', N'Missing value', N'Value missing in source data', CAST(-3 AS Numeric(12, 0)), GETDATE(), GETDATE(), CAST(-3 AS Numeric(12, 0)))
INSERT ZRAD.[PARTY_TYPE_DIMENSION] ([PARTY_TYPE_ANCHOR_IDENTIFIER], [PARTY_TYPE_CODE], [PARTY_TYPE_NAME], [PARTY_TYPE_DESCRIPTION], [PERSON_TYPE_IDENTIFIER], [RECORD_INCLUSION_DATE], [RECORD_UPDATE_DATE], [SOURCE_SYSTEM_IDENTIFIER]) VALUES (CAST(-2 AS Numeric(12, 0)), N'-2', N'To be regularized', N'Value not present in reference data', CAST(-2 AS Numeric(12, 0)), GETDATE(), GETDATE(), CAST(-2 AS Numeric(12, 0)))
INSERT ZRAD.[PARTY_TYPE_DIMENSION] ([PARTY_TYPE_ANCHOR_IDENTIFIER], [PARTY_TYPE_CODE], [PARTY_TYPE_NAME], [PARTY_TYPE_DESCRIPTION], [PERSON_TYPE_IDENTIFIER], [RECORD_INCLUSION_DATE], [RECORD_UPDATE_DATE], [SOURCE_SYSTEM_IDENTIFIER]) VALUES (CAST(-1 AS Numeric(12, 0)), N'-1', N'Not applicable', N'Not applicable', CAST(-1 AS Numeric(12, 0)), GETDATE(), GETDATE(), CAST(-1 AS Numeric(12, 0)))
END

IF (SELECT COUNT(*) FROM ZRAD.[PARTY_DIMENSION])=0
BEGIN
INSERT ZRAD.[PARTY_DIMENSION] ([PARTY_ANCHOR_IDENTIFIER], [PARTY_CODE], [PARTY_NAME], [PARTY_DESCRIPTION], [PARTY_IDENTIFICATION_NUMBER], [PARTY_ANNIVERSARY_DATE], [PARTY_TYPE_IDENTIFIER], [GENDER_TYPE_IDENTIFIER], [MARITAL_STATUS_IDENTIFIER], [RECORD_INCLUSION_DATE], [RECORD_UPDATE_DATE], [SOURCE_SYSTEM_IDENTIFIER]) VALUES (CAST(-3 AS Numeric(12, 0)), N'-3', N'Missing value', N'Value missing in source data', N'', GETDATE(), CAST(-1 AS Numeric(12, 0)), CAST(-1 AS Numeric(12, 0)), CAST(-1 AS Numeric(12, 0)), GETDATE(), GETDATE(), CAST(-1 AS Numeric(12, 0)))
INSERT ZRAD.[PARTY_DIMENSION] ([PARTY_ANCHOR_IDENTIFIER], [PARTY_CODE], [PARTY_NAME], [PARTY_DESCRIPTION], [PARTY_IDENTIFICATION_NUMBER], [PARTY_ANNIVERSARY_DATE], [PARTY_TYPE_IDENTIFIER], [GENDER_TYPE_IDENTIFIER], [MARITAL_STATUS_IDENTIFIER], [RECORD_INCLUSION_DATE], [RECORD_UPDATE_DATE], [SOURCE_SYSTEM_IDENTIFIER]) VALUES (CAST(-2 AS Numeric(12, 0)), N'-2', N'To be regularized', N'Value not present in reference data', N'', GETDATE(), CAST(-2 AS Numeric(12, 0)), CAST(-2 AS Numeric(12, 0)), CAST(-2 AS Numeric(12, 0)), GETDATE(), GETDATE(), CAST(-2 AS Numeric(12, 0)))
INSERT ZRAD.[PARTY_DIMENSION] ([PARTY_ANCHOR_IDENTIFIER], [PARTY_CODE], [PARTY_NAME], [PARTY_DESCRIPTION], [PARTY_IDENTIFICATION_NUMBER], [PARTY_ANNIVERSARY_DATE], [PARTY_TYPE_IDENTIFIER], [GENDER_TYPE_IDENTIFIER], [MARITAL_STATUS_IDENTIFIER], [RECORD_INCLUSION_DATE], [RECORD_UPDATE_DATE], [SOURCE_SYSTEM_IDENTIFIER]) VALUES (CAST(-1 AS Numeric(12, 0)), N'-1', N'Not applicable', N'Not applicable', N'', GETDATE(), CAST(-1 AS Numeric(12, 0)), CAST(-1 AS Numeric(12, 0)), CAST(-1 AS Numeric(12, 0)), GETDATE(), GETDATE(), CAST(-1 AS Numeric(12, 0)))
END





IF (SELECT COUNT(*) FROM ZRAD.[PARTY_ROLE_DIMENSION])=0
BEGIN
INSERT ZRAD.[PARTY_ROLE_DIMENSION] ([PARTY_ROLE_ANCHOR_IDENTIFIER], [PARTY_ROLE_CODE], [PARTY_ROLE_NAME], [PARTY_ROLE_DESCRIPTION], [PARTY_ROLE_DRIVING_NUMBER], [PARTY_ROLE_IDENTIFICATION_NUMBER], [PARTY_ROLE_BANK_NUMBER], [PARTY_ROLE_BANK_ACCOUNT_NUMBER], [PLACE_IDENTIFIER], [PARTY_ROLE_TYPE_IDENTIFIER], [PARTY_IDENTIFIER], [BUSINESS_SEGMENT_IDENTIFIER], [INDUSTRY_CLASS_IDENTIFIER], [RECORD_INCLUSION_DATE], [RECORD_UPDATE_DATE], [SOURCE_SYSTEM_IDENTIFIER]) VALUES (CAST(-3 AS Numeric(12, 0)), N'-3', N'Missing value', N'Value missing in source data', N'-3', N'-3', N'-3', N'-3', CAST(-3 AS Numeric(12, 0)), CAST(-3 AS Numeric(12, 0)), CAST(-3 AS Numeric(12, 0)), CAST(-3 AS Numeric(12, 0)), CAST(-3 AS Numeric(12, 0)), GETDATE(), GETDATE(), CAST(-3 AS Numeric(12, 0)))
INSERT ZRAD.[PARTY_ROLE_DIMENSION] ([PARTY_ROLE_ANCHOR_IDENTIFIER], [PARTY_ROLE_CODE], [PARTY_ROLE_NAME], [PARTY_ROLE_DESCRIPTION], [PARTY_ROLE_DRIVING_NUMBER], [PARTY_ROLE_IDENTIFICATION_NUMBER], [PARTY_ROLE_BANK_NUMBER], [PARTY_ROLE_BANK_ACCOUNT_NUMBER], [PLACE_IDENTIFIER], [PARTY_ROLE_TYPE_IDENTIFIER], [PARTY_IDENTIFIER], [BUSINESS_SEGMENT_IDENTIFIER], [INDUSTRY_CLASS_IDENTIFIER], [RECORD_INCLUSION_DATE], [RECORD_UPDATE_DATE], [SOURCE_SYSTEM_IDENTIFIER]) VALUES (CAST(-2 AS Numeric(12, 0)), N'-2', N'To be regularized', N'Value not present in reference data', N'-2', N'-2', N'-2', N'-2', CAST(-2 AS Numeric(12, 0)), CAST(-2 AS Numeric(12, 0)), CAST(-2 AS Numeric(12, 0)), CAST(-2 AS Numeric(12, 0)), CAST(-2 AS Numeric(12, 0)), GETDATE(), GETDATE(), CAST(-2 AS Numeric(12, 0)))
INSERT ZRAD.[PARTY_ROLE_DIMENSION] ([PARTY_ROLE_ANCHOR_IDENTIFIER], [PARTY_ROLE_CODE], [PARTY_ROLE_NAME], [PARTY_ROLE_DESCRIPTION], [PARTY_ROLE_DRIVING_NUMBER], [PARTY_ROLE_IDENTIFICATION_NUMBER], [PARTY_ROLE_BANK_NUMBER], [PARTY_ROLE_BANK_ACCOUNT_NUMBER], [PLACE_IDENTIFIER], [PARTY_ROLE_TYPE_IDENTIFIER], [PARTY_IDENTIFIER], [BUSINESS_SEGMENT_IDENTIFIER], [INDUSTRY_CLASS_IDENTIFIER], [RECORD_INCLUSION_DATE], [RECORD_UPDATE_DATE], [SOURCE_SYSTEM_IDENTIFIER]) VALUES (CAST(-1 AS Numeric(12, 0)), N'-1', N'Not applicable', N'Not applicable', N'-1', N'-1', N'-1', N'-1', CAST(-1 AS Numeric(12, 0)), CAST(-1 AS Numeric(12, 0)), CAST(-1 AS Numeric(12, 0)), CAST(-1 AS Numeric(12, 0)), CAST(-1 AS Numeric(12, 0)), GETDATE(), GETDATE(), CAST(-1 AS Numeric(12, 0)))
END





IF (SELECT COUNT(*) FROM ZRAD.[LINE_BUSINESS_DIMENSION])=0
BEGIN
INSERT ZRAD.[LINE_BUSINESS_DIMENSION] ([LINE_BUSINESS_ANCHOR_IDENTIFIER], [LINE_BUSINESS_CODE], [LINE_BUSINESS_NAME], [LINE_BUSINESS_DESCRIPTION], [GENERAL_INSURANCE_GLOBAL_INDICATOR_IDENTIFIER], [RECORD_INCLUSION_DATE], [RECORD_UPDATE_DATE], [SOURCE_SYSTEM_IDENTIFIER], [LOCAL_STATUTORY_REPORTING_IDENTIFIER], [GROUP_LINE_BUSINESS_IDENTIFIER]) VALUES (CAST(-3 AS Numeric(12, 0)), N'-3', N'Missing value', N'Value missing in source data', CAST(-3 AS Numeric(3, 0)), GETDATE(), GETDATE(), CAST(-3 AS Numeric(12, 0)), CAST(-3 AS Numeric(12, 0)), CAST(-3 AS Numeric(12, 0)))
INSERT ZRAD.[LINE_BUSINESS_DIMENSION] ([LINE_BUSINESS_ANCHOR_IDENTIFIER], [LINE_BUSINESS_CODE], [LINE_BUSINESS_NAME], [LINE_BUSINESS_DESCRIPTION], [GENERAL_INSURANCE_GLOBAL_INDICATOR_IDENTIFIER], [RECORD_INCLUSION_DATE], [RECORD_UPDATE_DATE], [SOURCE_SYSTEM_IDENTIFIER], [LOCAL_STATUTORY_REPORTING_IDENTIFIER], [GROUP_LINE_BUSINESS_IDENTIFIER]) VALUES (CAST(-2 AS Numeric(12, 0)), N'-2', N'To be regularized', N'Value not present in reference data', CAST(-2 AS Numeric(3, 0)), GETDATE(), GETDATE(), CAST(-2 AS Numeric(12, 0)), CAST(-2 AS Numeric(12, 0)), CAST(-2 AS Numeric(12, 0)))
INSERT ZRAD.[LINE_BUSINESS_DIMENSION] ([LINE_BUSINESS_ANCHOR_IDENTIFIER], [LINE_BUSINESS_CODE], [LINE_BUSINESS_NAME], [LINE_BUSINESS_DESCRIPTION], [GENERAL_INSURANCE_GLOBAL_INDICATOR_IDENTIFIER], [RECORD_INCLUSION_DATE], [RECORD_UPDATE_DATE], [SOURCE_SYSTEM_IDENTIFIER], [LOCAL_STATUTORY_REPORTING_IDENTIFIER], [GROUP_LINE_BUSINESS_IDENTIFIER]) VALUES (CAST(-1 AS Numeric(12, 0)), N'-1', N'Not applicable', N'Not applicable', CAST(-1 AS Numeric(3, 0)), GETDATE(), GETDATE(), CAST(-1 AS Numeric(12, 0)), CAST(-1 AS Numeric(12, 0)), CAST(-1 AS Numeric(12, 0)))
END


IF (SELECT COUNT(*) FROM ZRAD.[LINE_BUSINESS_RELATIONSHIP_TYPE_DIMENSION])=0
BEGIN
INSERT ZRAD.[LINE_BUSINESS_RELATIONSHIP_TYPE_DIMENSION] ([LINE_BUSINESS_RELATIONSHIP_TYPE_ANCHOR_IDENTIFIER], [LINE_BUSINESS_RELATIONSHIP_TYPE_CODE], [LINE_BUSINESS_RELATIONSHIP_TYPE_NAME], [LINE_BUSINESS_RELATIONSHIP_TYPE_DESCRIPTION], [RECORD_INCLUSION_DATE], [RECORD_UPDATE_DATE], [SOURCE_SYSTEM_IDENTIFIER]) VALUES (CAST(-3 AS Numeric(12, 0)), N'-3', N'Missing value', N'Value missing in source data', GETDATE(), GETDATE(), CAST(-3 AS Numeric(12, 0)))
INSERT ZRAD.[LINE_BUSINESS_RELATIONSHIP_TYPE_DIMENSION] ([LINE_BUSINESS_RELATIONSHIP_TYPE_ANCHOR_IDENTIFIER], [LINE_BUSINESS_RELATIONSHIP_TYPE_CODE], [LINE_BUSINESS_RELATIONSHIP_TYPE_NAME], [LINE_BUSINESS_RELATIONSHIP_TYPE_DESCRIPTION], [RECORD_INCLUSION_DATE], [RECORD_UPDATE_DATE], [SOURCE_SYSTEM_IDENTIFIER]) VALUES (CAST(-2 AS Numeric(12, 0)), N'-2', N'To be regularized', N'Value not present in reference data', GETDATE(), GETDATE(), CAST(-2 AS Numeric(12, 0)))
INSERT ZRAD.[LINE_BUSINESS_RELATIONSHIP_TYPE_DIMENSION] ([LINE_BUSINESS_RELATIONSHIP_TYPE_ANCHOR_IDENTIFIER], [LINE_BUSINESS_RELATIONSHIP_TYPE_CODE], [LINE_BUSINESS_RELATIONSHIP_TYPE_NAME], [LINE_BUSINESS_RELATIONSHIP_TYPE_DESCRIPTION], [RECORD_INCLUSION_DATE], [RECORD_UPDATE_DATE], [SOURCE_SYSTEM_IDENTIFIER]) VALUES (CAST(-1 AS Numeric(12, 0)), N'-1', N'Not applicable', N'Not applicable', GETDATE(), GETDATE(), CAST(-1 AS Numeric(12, 0)))
END

IF (SELECT COUNT(*) FROM ZRAD.[LINE_BUSINESS_RELATIONSHIP_DIMENSION])=0
BEGIN
INSERT ZRAD.[LINE_BUSINESS_RELATIONSHIP_DIMENSION] ([LINE_BUSINESS_IDENTIFIER], [LINE_BUSINESS_RELATIONSHIP_IDENTIFIER], [RECORD_INCLUSION_DATE], [RECORD_UPDATE_DATE], [SOURCE_SYSTEM_IDENTIFIER], [LINE_BUSINESS_RELATIONSHIP_TYPE_IDENTIFIER]) VALUES (CAST(-3 AS Numeric(12, 0)), CAST(-3 AS Numeric(12, 0)), GETDATE(), GETDATE(), CAST(-3 AS Numeric(12, 0)), CAST(-3 AS Numeric(12, 0)))
INSERT ZRAD.[LINE_BUSINESS_RELATIONSHIP_DIMENSION] ([LINE_BUSINESS_IDENTIFIER], [LINE_BUSINESS_RELATIONSHIP_IDENTIFIER], [RECORD_INCLUSION_DATE], [RECORD_UPDATE_DATE], [SOURCE_SYSTEM_IDENTIFIER], [LINE_BUSINESS_RELATIONSHIP_TYPE_IDENTIFIER]) VALUES (CAST(-2 AS Numeric(12, 0)), CAST(-2 AS Numeric(12, 0)), GETDATE(), GETDATE(), CAST(-2 AS Numeric(12, 0)), CAST(-2 AS Numeric(12, 0)))
INSERT ZRAD.[LINE_BUSINESS_RELATIONSHIP_DIMENSION] ([LINE_BUSINESS_IDENTIFIER], [LINE_BUSINESS_RELATIONSHIP_IDENTIFIER], [RECORD_INCLUSION_DATE], [RECORD_UPDATE_DATE], [SOURCE_SYSTEM_IDENTIFIER], [LINE_BUSINESS_RELATIONSHIP_TYPE_IDENTIFIER]) VALUES (CAST(-1 AS Numeric(12, 0)), CAST(-1 AS Numeric(12, 0)), GETDATE(), GETDATE(), CAST(-1 AS Numeric(12, 0)), CAST(-1 AS Numeric(12, 0)))
END



IF (SELECT COUNT(*) FROM ZRAD.[LITIGATION_OUTCOME_TYPE_DIMENSION])=0
BEGIN
INSERT ZRAD.[LITIGATION_OUTCOME_TYPE_DIMENSION] ([LITIGATION_OUTCOME_TYPE_ANCHOR_IDENTIFIER], [LITIGATION_OUTCOME_TYPE_CODE], [LITIGATION_OUTCOME_TYPE_NAME], [LITIGATION_OUTCOME_TYPE_DESCRIPTION], [RECORD_INCLUSION_DATE], [RECORD_UPDATE_DATE], [SOURCE_SYSTEM_IDENTIFIER]) VALUES (CAST(-3 AS Numeric(12, 0)), N'-3', N'Missing value', N'Value missing in source data', GETDATE(), GETDATE(), CAST(-3 AS Numeric(12, 0)))
INSERT ZRAD.[LITIGATION_OUTCOME_TYPE_DIMENSION] ([LITIGATION_OUTCOME_TYPE_ANCHOR_IDENTIFIER], [LITIGATION_OUTCOME_TYPE_CODE], [LITIGATION_OUTCOME_TYPE_NAME], [LITIGATION_OUTCOME_TYPE_DESCRIPTION], [RECORD_INCLUSION_DATE], [RECORD_UPDATE_DATE], [SOURCE_SYSTEM_IDENTIFIER]) VALUES (CAST(-2 AS Numeric(12, 0)), N'-2', N'To be regularized', N'Value not present in reference data', GETDATE(), GETDATE(), CAST(-2 AS Numeric(12, 0)))
INSERT ZRAD.[LITIGATION_OUTCOME_TYPE_DIMENSION] ([LITIGATION_OUTCOME_TYPE_ANCHOR_IDENTIFIER], [LITIGATION_OUTCOME_TYPE_CODE], [LITIGATION_OUTCOME_TYPE_NAME], [LITIGATION_OUTCOME_TYPE_DESCRIPTION], [RECORD_INCLUSION_DATE], [RECORD_UPDATE_DATE], [SOURCE_SYSTEM_IDENTIFIER]) VALUES (CAST(-1 AS Numeric(12, 0)), N'-1', N'Not applicable', N'Not applicable', GETDATE(), GETDATE(), CAST(-1 AS Numeric(12, 0)))
END

IF (SELECT COUNT(*) FROM ZRAD.[LOSS_TYPE_DIMENSION])=0
BEGIN
INSERT ZRAD.[LOSS_TYPE_DIMENSION] ([LOSS_TYPE_ANCHOR_IDENTIFIER], [LOSS_TYPE_CODE], [LOSS_TYPE_NAME], [LOSS_TYPE_DESCRIPTION], [RECORD_INCLUSION_DATE], [RECORD_UPDATE_DATE], [SOURCE_SYSTEM_IDENTIFIER]) VALUES (CAST(-3 AS Numeric(12, 0)), N'-3', N'Missing value', N'Value missing in source data', GETDATE(), GETDATE(), CAST(-3 AS Numeric(12, 0)))
INSERT ZRAD.[LOSS_TYPE_DIMENSION] ([LOSS_TYPE_ANCHOR_IDENTIFIER], [LOSS_TYPE_CODE], [LOSS_TYPE_NAME], [LOSS_TYPE_DESCRIPTION], [RECORD_INCLUSION_DATE], [RECORD_UPDATE_DATE], [SOURCE_SYSTEM_IDENTIFIER]) VALUES (CAST(-2 AS Numeric(12, 0)), N'-2', N'To be regularized', N'Value not present in reference data', GETDATE(), GETDATE(), CAST(-2 AS Numeric(12, 0)))
INSERT ZRAD.[LOSS_TYPE_DIMENSION] ([LOSS_TYPE_ANCHOR_IDENTIFIER], [LOSS_TYPE_CODE], [LOSS_TYPE_NAME], [LOSS_TYPE_DESCRIPTION], [RECORD_INCLUSION_DATE], [RECORD_UPDATE_DATE], [SOURCE_SYSTEM_IDENTIFIER]) VALUES (CAST(-1 AS Numeric(12, 0)), N'-1', N'Not applicable', N'Not applicable', GETDATE(), GETDATE(), CAST(-1 AS Numeric(12, 0)))
END




IF (SELECT COUNT(*) FROM ZRAD.MOVEMENT_CATEGORY_DIMENSION)=0
BEGIN
INSERT ZRAD.MOVEMENT_CATEGORY_DIMENSION ([MOVEMENT_CATEGORY_ANCHOR_IDENTIFIER], [MOVEMENT_CATEGORY_CODE], [MOVEMENT_CATEGORY_NAME], [MOVEMENT_CATEGORY_DESCRIPTION], [RECORD_INCLUSION_DATE], [RECORD_UPDATE_DATE], [SOURCE_SYSTEM_IDENTIFIER]) VALUES (CAST(-3 AS Numeric(12, 0)), N'-3', N'Missing value', N'Value missing in source data', GETDATE(), GETDATE(), CAST(-3 AS Numeric(12, 0)))
INSERT ZRAD.MOVEMENT_CATEGORY_DIMENSION ([MOVEMENT_CATEGORY_ANCHOR_IDENTIFIER], [MOVEMENT_CATEGORY_CODE], [MOVEMENT_CATEGORY_NAME], [MOVEMENT_CATEGORY_DESCRIPTION], [RECORD_INCLUSION_DATE], [RECORD_UPDATE_DATE], [SOURCE_SYSTEM_IDENTIFIER]) VALUES (CAST(-2 AS Numeric(12, 0)), N'-2', N'To be regularized', N'Value not present in reference data', GETDATE(), GETDATE(), CAST(-2 AS Numeric(12, 0)))
INSERT ZRAD.MOVEMENT_CATEGORY_DIMENSION ([MOVEMENT_CATEGORY_ANCHOR_IDENTIFIER], [MOVEMENT_CATEGORY_CODE], [MOVEMENT_CATEGORY_NAME], [MOVEMENT_CATEGORY_DESCRIPTION], [RECORD_INCLUSION_DATE], [RECORD_UPDATE_DATE], [SOURCE_SYSTEM_IDENTIFIER]) VALUES (CAST(-1 AS Numeric(12, 0)), N'-1', N'Not applicable', N'Not applicable', GETDATE(), GETDATE(), CAST(-1 AS Numeric(12, 0)))
END

IF (SELECT COUNT(*) FROM ZRAD.[NATURE_BUSINESS_DIMENSION])=0
BEGIN
INSERT ZRAD.[NATURE_BUSINESS_DIMENSION] ([NATURE_BUSINESS_ANCHOR_IDENTIFIER], [NATURE_BUSINESS_CODE], [NATURE_BUSINESS_NAME], [NATURE_BUSINESS_DESCRIPTION], [RECORD_INCLUSION_DATE], [RECORD_UPDATE_DATE], [SOURCE_SYSTEM_IDENTIFIER]) VALUES (CAST(-3 AS Numeric(12, 0)), N'-3', N'Missing value', N'Value missing in source data', GETDATE(), GETDATE(), CAST(-3 AS Numeric(12, 0)))
INSERT ZRAD.[NATURE_BUSINESS_DIMENSION] ([NATURE_BUSINESS_ANCHOR_IDENTIFIER], [NATURE_BUSINESS_CODE], [NATURE_BUSINESS_NAME], [NATURE_BUSINESS_DESCRIPTION], [RECORD_INCLUSION_DATE], [RECORD_UPDATE_DATE], [SOURCE_SYSTEM_IDENTIFIER]) VALUES (CAST(-2 AS Numeric(12, 0)), N'-2', N'To be regularized', N'Value not present in reference data', GETDATE(), GETDATE(), CAST(-2 AS Numeric(12, 0)))
INSERT ZRAD.[NATURE_BUSINESS_DIMENSION] ([NATURE_BUSINESS_ANCHOR_IDENTIFIER], [NATURE_BUSINESS_CODE], [NATURE_BUSINESS_NAME], [NATURE_BUSINESS_DESCRIPTION], [RECORD_INCLUSION_DATE], [RECORD_UPDATE_DATE], [SOURCE_SYSTEM_IDENTIFIER]) VALUES (CAST(-1 AS Numeric(12, 0)), N'-1', N'Not applicable', N'Not applicable', GETDATE(), GETDATE(), CAST(-1 AS Numeric(12, 0)))
END





IF (SELECT COUNT(*) FROM ZRAD.[PAYMENT_ANNUITY_TYPE_DIMENSION])=0
BEGIN
INSERT ZRAD.[PAYMENT_ANNUITY_TYPE_DIMENSION] ([PAYMENT_ANNUITY_TYPE_ANCHOR_IDENTIFIER], [PAYMENT_ANNUITY_TYPE_CODE], [PAYMENT_ANNUITY_TYPE_NAME], [PAYMENT_ANNUITY_TYPE_DESCRIPTION], [RECORD_INCLUSION_DATE], [RECORD_UPDATE_DATE], [SOURCE_SYSTEM_IDENTIFIER]) VALUES (CAST(-3 AS Numeric(12, 0)), N'-3', N'Missing value', N'Value missing in source data', GETDATE(), GETDATE(), CAST(-3 AS Numeric(12, 0)))
INSERT ZRAD.[PAYMENT_ANNUITY_TYPE_DIMENSION] ([PAYMENT_ANNUITY_TYPE_ANCHOR_IDENTIFIER], [PAYMENT_ANNUITY_TYPE_CODE], [PAYMENT_ANNUITY_TYPE_NAME], [PAYMENT_ANNUITY_TYPE_DESCRIPTION], [RECORD_INCLUSION_DATE], [RECORD_UPDATE_DATE], [SOURCE_SYSTEM_IDENTIFIER]) VALUES (CAST(-2 AS Numeric(12, 0)), N'-2', N'To be regularized', N'Value not present in reference data', GETDATE(), GETDATE(), CAST(-2 AS Numeric(12, 0)))
INSERT ZRAD.[PAYMENT_ANNUITY_TYPE_DIMENSION] ([PAYMENT_ANNUITY_TYPE_ANCHOR_IDENTIFIER], [PAYMENT_ANNUITY_TYPE_CODE], [PAYMENT_ANNUITY_TYPE_NAME], [PAYMENT_ANNUITY_TYPE_DESCRIPTION], [RECORD_INCLUSION_DATE], [RECORD_UPDATE_DATE], [SOURCE_SYSTEM_IDENTIFIER]) VALUES (CAST(-1 AS Numeric(12, 0)), N'-1', N'Not applicable', N'Not applicable', GETDATE(), GETDATE(), CAST(-1 AS Numeric(12, 0)))
END

IF (SELECT COUNT(*) FROM ZRAD.[PAYMENT_INDICATOR_DIMENSION])=0
BEGIN
INSERT ZRAD.[PAYMENT_INDICATOR_DIMENSION] ([PAYMENT_INDICATOR_ANCHOR_IDENTIFIER], [PAYMENT_INDICATOR_CODE], [PAYMENT_INDICATOR_NAME], [PAYMENT_INDICATOR_DESCRIPTION], [RECORD_INCLUSION_DATE], [RECORD_UPDATE_DATE], [SOURCE_SYSTEM_IDENTIFIER]) VALUES (CAST(-3 AS Numeric(12, 0)), N'-3', N'Missing value', N'Value missing in source data', GETDATE(), GETDATE(), CAST(-3 AS Numeric(12, 0)))
INSERT ZRAD.[PAYMENT_INDICATOR_DIMENSION] ([PAYMENT_INDICATOR_ANCHOR_IDENTIFIER], [PAYMENT_INDICATOR_CODE], [PAYMENT_INDICATOR_NAME], [PAYMENT_INDICATOR_DESCRIPTION], [RECORD_INCLUSION_DATE], [RECORD_UPDATE_DATE], [SOURCE_SYSTEM_IDENTIFIER]) VALUES (CAST(-2 AS Numeric(12, 0)), N'-2', N'To be regularized', N'Value not present in reference data', GETDATE(), GETDATE(), CAST(-2 AS Numeric(12, 0)))
INSERT ZRAD.[PAYMENT_INDICATOR_DIMENSION] ([PAYMENT_INDICATOR_ANCHOR_IDENTIFIER], [PAYMENT_INDICATOR_CODE], [PAYMENT_INDICATOR_NAME], [PAYMENT_INDICATOR_DESCRIPTION], [RECORD_INCLUSION_DATE], [RECORD_UPDATE_DATE], [SOURCE_SYSTEM_IDENTIFIER]) VALUES (CAST(-1 AS Numeric(12, 0)), N'-1', N'Not applicable', N'Not applicable', GETDATE(), GETDATE(), CAST(-1 AS Numeric(12, 0)))
END

IF (SELECT COUNT(*) FROM ZRAD.[PAYMENT_TERM_DIMENSION])=0
BEGIN
INSERT ZRAD.[PAYMENT_TERM_DIMENSION] ([PAYMENT_TERM_ANCHOR_IDENTIFIER], [PAYMENT_TERM_CODE], [PAYMENT_TERM_NAME], [PAYMENT_TERM_DESCRIPTION], [RECORD_INCLUSION_DATE], [RECORD_UPDATE_DATE], [SOURCE_SYSTEM_IDENTIFIER]) VALUES (CAST(-3 AS Numeric(12, 0)), N'-3', N'Missing value', N'Value missing in source data', GETDATE(), GETDATE(), CAST(-3 AS Numeric(12, 0)))
INSERT ZRAD.[PAYMENT_TERM_DIMENSION] ([PAYMENT_TERM_ANCHOR_IDENTIFIER], [PAYMENT_TERM_CODE], [PAYMENT_TERM_NAME], [PAYMENT_TERM_DESCRIPTION], [RECORD_INCLUSION_DATE], [RECORD_UPDATE_DATE], [SOURCE_SYSTEM_IDENTIFIER]) VALUES (CAST(-2 AS Numeric(12, 0)), N'-2', N'To be regularized', N'Value not present in reference data', GETDATE(), GETDATE(), CAST(-2 AS Numeric(12, 0)))
INSERT ZRAD.[PAYMENT_TERM_DIMENSION] ([PAYMENT_TERM_ANCHOR_IDENTIFIER], [PAYMENT_TERM_CODE], [PAYMENT_TERM_NAME], [PAYMENT_TERM_DESCRIPTION], [RECORD_INCLUSION_DATE], [RECORD_UPDATE_DATE], [SOURCE_SYSTEM_IDENTIFIER]) VALUES (CAST(-1 AS Numeric(12, 0)), N'-1', N'Not applicable', N'Not applicable', GETDATE(), GETDATE(), CAST(-1 AS Numeric(12, 0)))
END





IF (SELECT COUNT(*) FROM ZRAD.[PHASE_LITIGATION_DIMENSION])=0
BEGIN
INSERT ZRAD.[PHASE_LITIGATION_DIMENSION] ([PHASE_LITIGATION_ANCHOR_IDENTIFIER], [PHASE_LITIGATION_CODE], [PHASE_LITIGATION_NAME], [PHASE_LITIGATION_DESCRIPTION], [RECORD_INCLUSION_DATE], [RECORD_UPDATE_DATE], [SOURCE_SYSTEM_IDENTIFIER]) VALUES (CAST(-3 AS Numeric(12, 0)), N'-3', N'Missing value', N'Value missing in source data', GETDATE(), GETDATE(), CAST(-3 AS Numeric(12, 0)))
INSERT ZRAD.[PHASE_LITIGATION_DIMENSION] ([PHASE_LITIGATION_ANCHOR_IDENTIFIER], [PHASE_LITIGATION_CODE], [PHASE_LITIGATION_NAME], [PHASE_LITIGATION_DESCRIPTION], [RECORD_INCLUSION_DATE], [RECORD_UPDATE_DATE], [SOURCE_SYSTEM_IDENTIFIER]) VALUES (CAST(-2 AS Numeric(12, 0)), N'-2', N'To be regularized', N'Value not present in reference data', GETDATE(), GETDATE(), CAST(-2 AS Numeric(12, 0)))
INSERT ZRAD.[PHASE_LITIGATION_DIMENSION] ([PHASE_LITIGATION_ANCHOR_IDENTIFIER], [PHASE_LITIGATION_CODE], [PHASE_LITIGATION_NAME], [PHASE_LITIGATION_DESCRIPTION], [RECORD_INCLUSION_DATE], [RECORD_UPDATE_DATE], [SOURCE_SYSTEM_IDENTIFIER]) VALUES (CAST(-1 AS Numeric(12, 0)), N'-1', N'Not applicable', N'Not applicable', GETDATE(), GETDATE(), CAST(-1 AS Numeric(12, 0)))
END

IF (SELECT COUNT(*) FROM ZRAD.[PHYSICAL_OBJECT_INSURED_GROUP_DIMENSION])=0
BEGIN
INSERT ZRAD.[PHYSICAL_OBJECT_INSURED_GROUP_DIMENSION] ([PHYSICAL_OBJECT_INSURED_GROUP_ANCHOR_IDENTIFIER], [PHYSICAL_OBJECT_INSURED_GROUP_CODE], [PHYSICAL_OBJECT_INSURED_GROUP_NAME], [PHYSICAL_OBJECT_INSURED_GROUP_DESCRIPTION], [RECORD_INCLUSION_DATE], [RECORD_UPDATE_DATE], [SOURCE_SYSTEM_IDENTIFIER]) VALUES (CAST(-3 AS Numeric(12, 0)), N'-3', N'Missing value', N'Value missing in source data', GETDATE(), GETDATE(), CAST(-3 AS Numeric(12, 0)))
INSERT ZRAD.[PHYSICAL_OBJECT_INSURED_GROUP_DIMENSION] ([PHYSICAL_OBJECT_INSURED_GROUP_ANCHOR_IDENTIFIER], [PHYSICAL_OBJECT_INSURED_GROUP_CODE], [PHYSICAL_OBJECT_INSURED_GROUP_NAME], [PHYSICAL_OBJECT_INSURED_GROUP_DESCRIPTION], [RECORD_INCLUSION_DATE], [RECORD_UPDATE_DATE], [SOURCE_SYSTEM_IDENTIFIER]) VALUES (CAST(-2 AS Numeric(12, 0)), N'-2', N'To be regularized', N'Value not present in reference data', GETDATE(), GETDATE(), CAST(-2 AS Numeric(12, 0)))
INSERT ZRAD.[PHYSICAL_OBJECT_INSURED_GROUP_DIMENSION] ([PHYSICAL_OBJECT_INSURED_GROUP_ANCHOR_IDENTIFIER], [PHYSICAL_OBJECT_INSURED_GROUP_CODE], [PHYSICAL_OBJECT_INSURED_GROUP_NAME], [PHYSICAL_OBJECT_INSURED_GROUP_DESCRIPTION], [RECORD_INCLUSION_DATE], [RECORD_UPDATE_DATE], [SOURCE_SYSTEM_IDENTIFIER]) VALUES (CAST(-1 AS Numeric(12, 0)), N'-1', N'Not applicable', N'Not applicable', GETDATE(), GETDATE(), CAST(-1 AS Numeric(12, 0)))
END


IF (SELECT COUNT(*) FROM ZRAD.[PHYSICAL_OBJECT_DIMENSION])=0
BEGIN
INSERT ZRAD.[PHYSICAL_OBJECT_DIMENSION] ([PHYSICAL_OBJECT_ANCHOR_IDENTIFIER], [PHYSICAL_OBJECT_CODE], [TIME_YEAR_IDENTIFIER], [PHYSICAL_OBJECT_INSURED_GROUP_IDENTIFIER], [START_CONSTRUCTION_DATE], [COMPLETE_CONSTRUCTION_DATE], [MANUFACTURING_YEAR_NUMBER], [MODEL_YEAR_NUMBER], [RECORD_INCLUSION_DATE], [RECORD_UPDATE_DATE], [SOURCE_SYSTEM_IDENTIFIER]) VALUES (CAST(-3 AS Numeric(12, 0)), N'-3', CAST(-3 AS Numeric(12, 0)), CAST(-3 AS Numeric(12, 0)), GETDATE(), GETDATE(), N'-3', N'-3', GETDATE(), GETDATE(), CAST(-3 AS Numeric(12, 0)))
INSERT ZRAD.[PHYSICAL_OBJECT_DIMENSION] ([PHYSICAL_OBJECT_ANCHOR_IDENTIFIER], [PHYSICAL_OBJECT_CODE], [TIME_YEAR_IDENTIFIER], [PHYSICAL_OBJECT_INSURED_GROUP_IDENTIFIER], [START_CONSTRUCTION_DATE], [COMPLETE_CONSTRUCTION_DATE], [MANUFACTURING_YEAR_NUMBER], [MODEL_YEAR_NUMBER], [RECORD_INCLUSION_DATE], [RECORD_UPDATE_DATE], [SOURCE_SYSTEM_IDENTIFIER]) VALUES (CAST(-2 AS Numeric(12, 0)), N'-2', CAST(-2 AS Numeric(12, 0)), CAST(-2 AS Numeric(12, 0)), GETDATE(), GETDATE(), N'-2', N'-2', GETDATE(), GETDATE(), CAST(-2 AS Numeric(12, 0)))
INSERT ZRAD.[PHYSICAL_OBJECT_DIMENSION] ([PHYSICAL_OBJECT_ANCHOR_IDENTIFIER], [PHYSICAL_OBJECT_CODE], [TIME_YEAR_IDENTIFIER], [PHYSICAL_OBJECT_INSURED_GROUP_IDENTIFIER], [START_CONSTRUCTION_DATE], [COMPLETE_CONSTRUCTION_DATE], [MANUFACTURING_YEAR_NUMBER], [MODEL_YEAR_NUMBER], [RECORD_INCLUSION_DATE], [RECORD_UPDATE_DATE], [SOURCE_SYSTEM_IDENTIFIER]) VALUES (CAST(-1 AS Numeric(12, 0)), N'-1', CAST(-1 AS Numeric(12, 0)), CAST(-1 AS Numeric(12, 0)), GETDATE(), GETDATE(), N'-1', N'-1', GETDATE(), GETDATE(), CAST(-1 AS Numeric(12, 0)))
END


IF (SELECT COUNT(*) FROM ZRAD.[PHYSICAL_OBJECT_TYPE_DIMENSION])=0
BEGIN
INSERT ZRAD.[PHYSICAL_OBJECT_TYPE_DIMENSION] ([PHYSICAL_OBJECT_TYPE_ANCHOR_IDENTIFIER], [PHYSICAL_OBJECT_TYPE_CODE], [PHYSICAL_OBJECT_TYPE_NAME], [PHYSICAL_OBJECT_TYPE_DESCRIPTION], [RECORD_INCLUSION_DATE], [RECORD_UPDATE_DATE]) VALUES (CAST(-3 AS Numeric(12, 0)), N'-3', N'Missing value', N'Value missing in source data', GETDATE(), GETDATE())
INSERT ZRAD.[PHYSICAL_OBJECT_TYPE_DIMENSION] ([PHYSICAL_OBJECT_TYPE_ANCHOR_IDENTIFIER], [PHYSICAL_OBJECT_TYPE_CODE], [PHYSICAL_OBJECT_TYPE_NAME], [PHYSICAL_OBJECT_TYPE_DESCRIPTION], [RECORD_INCLUSION_DATE], [RECORD_UPDATE_DATE]) VALUES (CAST(-2 AS Numeric(12, 0)), N'-2', N'To be regularized', N'Value not present in reference data', GETDATE(), GETDATE())
INSERT ZRAD.[PHYSICAL_OBJECT_TYPE_DIMENSION] ([PHYSICAL_OBJECT_TYPE_ANCHOR_IDENTIFIER], [PHYSICAL_OBJECT_TYPE_CODE], [PHYSICAL_OBJECT_TYPE_NAME], [PHYSICAL_OBJECT_TYPE_DESCRIPTION], [RECORD_INCLUSION_DATE], [RECORD_UPDATE_DATE]) VALUES (CAST(-1 AS Numeric(12, 0)), N'-1', N'Not applicable', N'Not applicable', GETDATE(), GETDATE())
END

IF (SELECT COUNT(*) FROM ZRAD.[PHYSICAL_OBJECT_ITEM_DIMENSION])=0
BEGIN
INSERT ZRAD.[PHYSICAL_OBJECT_ITEM_DIMENSION] ([PHYSICAL_OBJECT_ITEM_ANCHOR_IDENTIFIER], [PHYSICAL_OBJECT_ITEM_CODE], [PHYSICAL_OBJECT_ITEM_NAME], [PHYSICAL_OBJECT_ITEM_DESCRIPTION], [PHYSICAL_OBJECT_TYPE_IDENTIFIER], [RECORD_INCLUSION_DATE], [RECORD_UPDATE_DATE]) VALUES (CAST(-3 AS Numeric(12, 0)), N'-3', N'Missing value', N'Value missing in source data', CAST(-3 AS Numeric(12, 0)), GETDATE(), GETDATE())
INSERT ZRAD.[PHYSICAL_OBJECT_ITEM_DIMENSION] ([PHYSICAL_OBJECT_ITEM_ANCHOR_IDENTIFIER], [PHYSICAL_OBJECT_ITEM_CODE], [PHYSICAL_OBJECT_ITEM_NAME], [PHYSICAL_OBJECT_ITEM_DESCRIPTION], [PHYSICAL_OBJECT_TYPE_IDENTIFIER], [RECORD_INCLUSION_DATE], [RECORD_UPDATE_DATE]) VALUES (CAST(-2 AS Numeric(12, 0)), N'-2', N'To be regularized', N'Value not present in reference data', CAST(-2 AS Numeric(12, 0)), GETDATE(), GETDATE())
INSERT ZRAD.[PHYSICAL_OBJECT_ITEM_DIMENSION] ([PHYSICAL_OBJECT_ITEM_ANCHOR_IDENTIFIER], [PHYSICAL_OBJECT_ITEM_CODE], [PHYSICAL_OBJECT_ITEM_NAME], [PHYSICAL_OBJECT_ITEM_DESCRIPTION], [PHYSICAL_OBJECT_TYPE_IDENTIFIER], [RECORD_INCLUSION_DATE], [RECORD_UPDATE_DATE]) VALUES (CAST(-1 AS Numeric(12, 0)), N'-1', N'Not applicable', N'Not applicable', CAST(-1 AS Numeric(12, 0)), GETDATE(), GETDATE())
END




IF (SELECT COUNT(*) FROM ZRAD.[PHYSICAL_OBJECT_SUB_ITEM_DIMENSION])=0
BEGIN
INSERT ZRAD.[PHYSICAL_OBJECT_SUB_ITEM_DIMENSION] ([PHYSICAL_OBJECT_SUB_ITEM_ANCHOR_IDENTIFIER], [PHYSICAL_OBJECT_SUB_ITEM_CODE], [PHYSICAL_OBJECT_SUB_ITEM_NAME], [PHYSICAL_OBJECT_SUB_ITEM_DESCRIPTION], [PHYSICAL_OBJECT_ITEM_IDENTIFIER], [RECORD_INCLUSION_DATE], [RECORD_UPDATE_DATE]) VALUES (CAST(-3 AS Numeric(12, 0)), N'-3', N'Missing value', N'Value missing in source data', CAST(-3 AS Numeric(12, 0)), GETDATE(), GETDATE())
INSERT ZRAD.[PHYSICAL_OBJECT_SUB_ITEM_DIMENSION] ([PHYSICAL_OBJECT_SUB_ITEM_ANCHOR_IDENTIFIER], [PHYSICAL_OBJECT_SUB_ITEM_CODE], [PHYSICAL_OBJECT_SUB_ITEM_NAME], [PHYSICAL_OBJECT_SUB_ITEM_DESCRIPTION], [PHYSICAL_OBJECT_ITEM_IDENTIFIER], [RECORD_INCLUSION_DATE], [RECORD_UPDATE_DATE]) VALUES (CAST(-2 AS Numeric(12, 0)), N'-2', N'To be regularized', N'Value not present in reference data', CAST(-2 AS Numeric(12, 0)), GETDATE(), GETDATE())
INSERT ZRAD.[PHYSICAL_OBJECT_SUB_ITEM_DIMENSION] ([PHYSICAL_OBJECT_SUB_ITEM_ANCHOR_IDENTIFIER], [PHYSICAL_OBJECT_SUB_ITEM_CODE], [PHYSICAL_OBJECT_SUB_ITEM_NAME], [PHYSICAL_OBJECT_SUB_ITEM_DESCRIPTION], [PHYSICAL_OBJECT_ITEM_IDENTIFIER], [RECORD_INCLUSION_DATE], [RECORD_UPDATE_DATE]) VALUES (CAST(-1 AS Numeric(12, 0)), N'-1', N'Not applicable', N'Not applicable', CAST(-1 AS Numeric(12, 0)), GETDATE(), GETDATE())
END


IF (SELECT COUNT(*) FROM ZRAD.[PHYSICAL_OBJECT_COMPOSITION_DIMENSION])=0
BEGIN
INSERT ZRAD.[PHYSICAL_OBJECT_COMPOSITION_DIMENSION] ([PHYSICAL_OBJECT_IDENTIFIER], [PHYSICAL_OBJECT_TYPE_IDENTIFIER], [PHYSICAL_OBJECT_ITEM_IDENTIFIER], [PHYSICAL_OBJECT_SUB_ITEM_IDENTIFIER], [PHYSICAL_OBJECT_CODE], [PHYSICAL_OBJECT_NAME], [PHYSICAL_OBJECT_DESCRIPTION], [PHYSICAL_OBJECT_NUMBER], [PHYSICAL_OBJECT_AMOUNT], [PHYSICAL_OBJECT_DATE], [RECORD_INCLUSION_DATE], [RECORD_UPDATE_DATE], [SOURCE_SYSTEM_IDENTIFIER]) VALUES (CAST(-3 AS Numeric(12, 0)), CAST(-3 AS Numeric(12, 0)), CAST(-3 AS Numeric(12, 0)), CAST(-3 AS Numeric(12, 0)), N'-3', N'Missing value', N'Value missing in source data', CAST(-3 AS Numeric(15, 0)), CAST(0.0000 AS Decimal(15, 4)), GETDATE(), GETDATE(), GETDATE(), CAST(-3 AS Numeric(12, 0)))
INSERT ZRAD.[PHYSICAL_OBJECT_COMPOSITION_DIMENSION] ([PHYSICAL_OBJECT_IDENTIFIER], [PHYSICAL_OBJECT_TYPE_IDENTIFIER], [PHYSICAL_OBJECT_ITEM_IDENTIFIER], [PHYSICAL_OBJECT_SUB_ITEM_IDENTIFIER], [PHYSICAL_OBJECT_CODE], [PHYSICAL_OBJECT_NAME], [PHYSICAL_OBJECT_DESCRIPTION], [PHYSICAL_OBJECT_NUMBER], [PHYSICAL_OBJECT_AMOUNT], [PHYSICAL_OBJECT_DATE], [RECORD_INCLUSION_DATE], [RECORD_UPDATE_DATE], [SOURCE_SYSTEM_IDENTIFIER]) VALUES (CAST(-2 AS Numeric(12, 0)), CAST(-2 AS Numeric(12, 0)), CAST(-2 AS Numeric(12, 0)), CAST(-2 AS Numeric(12, 0)), N'-2', N'To be regularized', N'Value not present in reference data', CAST(-2 AS Numeric(15, 0)), CAST(0.0000 AS Decimal(15, 4)), GETDATE(), GETDATE(), GETDATE(), CAST(-2 AS Numeric(12, 0)))
INSERT ZRAD.[PHYSICAL_OBJECT_COMPOSITION_DIMENSION] ([PHYSICAL_OBJECT_IDENTIFIER], [PHYSICAL_OBJECT_TYPE_IDENTIFIER], [PHYSICAL_OBJECT_ITEM_IDENTIFIER], [PHYSICAL_OBJECT_SUB_ITEM_IDENTIFIER], [PHYSICAL_OBJECT_CODE], [PHYSICAL_OBJECT_NAME], [PHYSICAL_OBJECT_DESCRIPTION], [PHYSICAL_OBJECT_NUMBER], [PHYSICAL_OBJECT_AMOUNT], [PHYSICAL_OBJECT_DATE], [RECORD_INCLUSION_DATE], [RECORD_UPDATE_DATE], [SOURCE_SYSTEM_IDENTIFIER]) VALUES (CAST(-1 AS Numeric(12, 0)), CAST(-1 AS Numeric(12, 0)), CAST(-1 AS Numeric(12, 0)), CAST(-1 AS Numeric(12, 0)), N'-1', N'Not applicable', N'Not applicable', CAST(-1 AS Numeric(15, 0)), CAST(0.0000 AS Decimal(15, 4)), GETDATE(), GETDATE(), GETDATE(), CAST(-1 AS Numeric(12, 0)))
END


IF (SELECT COUNT(*) FROM ZRAD.[POLICY_STATUS_DIMENSION])=0
BEGIN
INSERT ZRAD.[POLICY_STATUS_DIMENSION] ([POLICY_STATUS_ANCHOR_IDENTIFIER], [POLICY_STATUS_CODE], [POLICY_STATUS_NAME], [POLICY_STATUS_DESCRIPTION], [RECORD_INCLUSION_DATE], [RECORD_UPDATE_DATE], [SOURCE_SYSTEM_IDENTIFIER]) VALUES (CAST(-3 AS Numeric(12, 0)), N'-3', N'Missing value', N'Value missing in source data', GETDATE(), GETDATE(), CAST(-3 AS Numeric(12, 0)))
INSERT ZRAD.[POLICY_STATUS_DIMENSION] ([POLICY_STATUS_ANCHOR_IDENTIFIER], [POLICY_STATUS_CODE], [POLICY_STATUS_NAME], [POLICY_STATUS_DESCRIPTION], [RECORD_INCLUSION_DATE], [RECORD_UPDATE_DATE], [SOURCE_SYSTEM_IDENTIFIER]) VALUES (CAST(-2 AS Numeric(12, 0)), N'-2', N'To be regularized', N'Value not present in reference data', GETDATE(), GETDATE(), CAST(-2 AS Numeric(12, 0)))
INSERT ZRAD.[POLICY_STATUS_DIMENSION] ([POLICY_STATUS_ANCHOR_IDENTIFIER], [POLICY_STATUS_CODE], [POLICY_STATUS_NAME], [POLICY_STATUS_DESCRIPTION], [RECORD_INCLUSION_DATE], [RECORD_UPDATE_DATE], [SOURCE_SYSTEM_IDENTIFIER]) VALUES (CAST(-1 AS Numeric(12, 0)), N'-1', N'Not applicable', N'Not applicable', GETDATE(), GETDATE(), CAST(-1 AS Numeric(12, 0)))
END


IF (SELECT COUNT(*) FROM ZRAD.[PROCESS_TYPE_DIMENSION])=0
BEGIN
INSERT ZRAD.[PROCESS_TYPE_DIMENSION] ([PROCESS_TYPE_ANCHOR_IDENTIFIER], [PROCESS_TYPE_CODE], [PROCESS_TYPE_NAME], [PROCESS_TYPE_DESCRIPTION], [RECORD_INCLUSION_DATE], [RECORD_UPDATE_DATE]) VALUES (CAST(-3 AS Numeric(12, 0)), N'-3', N'Missing value', N'Value missing in source data', GETDATE(), GETDATE())
INSERT ZRAD.[PROCESS_TYPE_DIMENSION] ([PROCESS_TYPE_ANCHOR_IDENTIFIER], [PROCESS_TYPE_CODE], [PROCESS_TYPE_NAME], [PROCESS_TYPE_DESCRIPTION], [RECORD_INCLUSION_DATE], [RECORD_UPDATE_DATE]) VALUES (CAST(-2 AS Numeric(12, 0)), N'-2', N'To be regularized', N'Value not present in reference data', GETDATE(), GETDATE())
INSERT ZRAD.[PROCESS_TYPE_DIMENSION] ([PROCESS_TYPE_ANCHOR_IDENTIFIER], [PROCESS_TYPE_CODE], [PROCESS_TYPE_NAME], [PROCESS_TYPE_DESCRIPTION], [RECORD_INCLUSION_DATE], [RECORD_UPDATE_DATE]) VALUES (CAST(-1 AS Numeric(12, 0)), N'-1', N'Not applicable', N'Not applicable', GETDATE(), GETDATE())
END



IF (SELECT COUNT(*) FROM ZRAD.[PROCESS_ITEM_DIMENSION])=0
BEGIN
INSERT ZRAD.[PROCESS_ITEM_DIMENSION] ([PROCESS_ITEM_ANCHOR_IDENTIFIER], [PROCESS_ITEM_CODE], [PROCESS_ITEM_NAME], [PROCESS_ITEM_DESCRIPTION], [PROCESS_TYPE_IDENTIFIER], [RECORD_INCLUSION_DATE], [RECORD_UPDATE_DATE]) VALUES (CAST(-3 AS Numeric(12, 0)), N'-3', N'Missing value', N'Value missing in source data', CAST(-3 AS Numeric(12, 0)), GETDATE(), GETDATE())
INSERT ZRAD.[PROCESS_ITEM_DIMENSION] ([PROCESS_ITEM_ANCHOR_IDENTIFIER], [PROCESS_ITEM_CODE], [PROCESS_ITEM_NAME], [PROCESS_ITEM_DESCRIPTION], [PROCESS_TYPE_IDENTIFIER], [RECORD_INCLUSION_DATE], [RECORD_UPDATE_DATE]) VALUES (CAST(-2 AS Numeric(12, 0)), N'-2', N'To be regularized', N'Value not present in reference data', CAST(-2 AS Numeric(12, 0)), GETDATE(), GETDATE())
INSERT ZRAD.[PROCESS_ITEM_DIMENSION] ([PROCESS_ITEM_ANCHOR_IDENTIFIER], [PROCESS_ITEM_CODE], [PROCESS_ITEM_NAME], [PROCESS_ITEM_DESCRIPTION], [PROCESS_TYPE_IDENTIFIER], [RECORD_INCLUSION_DATE], [RECORD_UPDATE_DATE]) VALUES (CAST(-1 AS Numeric(12, 0)), N'-1', N'Not applicable', N'Not applicable', CAST(-1 AS Numeric(12, 0)), GETDATE(), GETDATE())
END


IF (SELECT COUNT(*) FROM ZRAD.[PROCESS_SUB_ITEM_DIMENSION])=0
BEGIN
INSERT ZRAD.[PROCESS_SUB_ITEM_DIMENSION] ([PROCESS_SUB_ITEM_ANCHOR_IDENTIFIER], [PROCESS_SUB_ITEM_CODE], [PROCESS_SUB_ITEM_NAME], [PROCESS_SUB_ITEM_DESCRIPTION], [PROCESS_ITEM_IDENTIFIER], [RECORD_INCLUSION_DATE], [RECORD_UPDATE_DATE]) VALUES (CAST(-3 AS Numeric(12, 0)), N'-3', N'Missing value', N'Value missing in source data', CAST(-3 AS Numeric(12, 0)), GETDATE(), GETDATE())
INSERT ZRAD.[PROCESS_SUB_ITEM_DIMENSION] ([PROCESS_SUB_ITEM_ANCHOR_IDENTIFIER], [PROCESS_SUB_ITEM_CODE], [PROCESS_SUB_ITEM_NAME], [PROCESS_SUB_ITEM_DESCRIPTION], [PROCESS_ITEM_IDENTIFIER], [RECORD_INCLUSION_DATE], [RECORD_UPDATE_DATE]) VALUES (CAST(-2 AS Numeric(12, 0)), N'-2', N'To be regularized', N'Value not present in reference data', CAST(-2 AS Numeric(12, 0)), GETDATE(), GETDATE())
INSERT ZRAD.[PROCESS_SUB_ITEM_DIMENSION] ([PROCESS_SUB_ITEM_ANCHOR_IDENTIFIER], [PROCESS_SUB_ITEM_CODE], [PROCESS_SUB_ITEM_NAME], [PROCESS_SUB_ITEM_DESCRIPTION], [PROCESS_ITEM_IDENTIFIER], [RECORD_INCLUSION_DATE], [RECORD_UPDATE_DATE]) VALUES (CAST(-1 AS Numeric(12, 0)), N'-1', N'Not applicable', N'Not applicable', CAST(-1 AS Numeric(12, 0)), GETDATE(), GETDATE())
END


IF (SELECT COUNT(*) FROM ZRAD.[PROCESS_DIMENSION])=0
BEGIN
INSERT ZRAD.[PROCESS_DIMENSION] ([PROCESS_ANCHOR_IDENTIFIER], [PROCESS_CODE], [PROCESS_NAME], [PROCESS_DESCRIPTION], [PROCESS_HOUR_TIME], [TIME_DAY_IDENTIFIER], [TIME_MONTH_IDENTIFIER], [TIME_QUARTER_IDENTIFIER], [TIME_SEMESTER_IDENTIFIER], [TIME_YEAR_IDENTIFIER], [TIME_PERIOD_IDENTIFIER], [GENERAL_INSURANCE_GLOBAL_INDICATOR_IDENTIFIER], [REPORTING_UNIT_IDENTIFIER], [CURRENCY_VARIATION_DAY_IDENTIFIER], [CURRENCY_VARIATION_MONTH_IDENTIFIER], [RECORD_INCLUSION_DATE], [RECORD_UPDATE_DATE], [SOURCE_SYSTEM_IDENTIFIER], [PROCESS_TYPE_IDENTIFIER], [PROCESS_ITEM_IDENTIFIER], [PROCESS_SUB_ITEM_IDENTIFIER]) VALUES (CAST(-3 AS Numeric(12, 0)), N'-3', N'Missing value', N'Value missing in source data', GETDATE(), CAST(-3 AS Numeric(12, 0)), CAST(-3 AS Numeric(12, 0)), CAST(-3 AS Numeric(12, 0)), CAST(-3 AS Numeric(12, 0)), CAST(-3 AS Numeric(12, 0)), CAST(-3 AS Numeric(12, 0)), CAST(-3 AS Numeric(3, 0)), CAST(-3 AS Numeric(12, 0)), CAST(-3 AS Numeric(12, 0)), CAST(-3 AS Numeric(12, 0)), GETDATE(), GETDATE(), CAST(-3 AS Numeric(12, 0)), CAST(-3 AS Numeric(12, 0)), CAST(-3 AS Numeric(12, 0)), CAST(-3 AS Numeric(12, 0)))
INSERT ZRAD.[PROCESS_DIMENSION] ([PROCESS_ANCHOR_IDENTIFIER], [PROCESS_CODE], [PROCESS_NAME], [PROCESS_DESCRIPTION], [PROCESS_HOUR_TIME], [TIME_DAY_IDENTIFIER], [TIME_MONTH_IDENTIFIER], [TIME_QUARTER_IDENTIFIER], [TIME_SEMESTER_IDENTIFIER], [TIME_YEAR_IDENTIFIER], [TIME_PERIOD_IDENTIFIER], [GENERAL_INSURANCE_GLOBAL_INDICATOR_IDENTIFIER], [REPORTING_UNIT_IDENTIFIER], [CURRENCY_VARIATION_DAY_IDENTIFIER], [CURRENCY_VARIATION_MONTH_IDENTIFIER], [RECORD_INCLUSION_DATE], [RECORD_UPDATE_DATE], [SOURCE_SYSTEM_IDENTIFIER], [PROCESS_TYPE_IDENTIFIER], [PROCESS_ITEM_IDENTIFIER], [PROCESS_SUB_ITEM_IDENTIFIER]) VALUES (CAST(-2 AS Numeric(12, 0)), N'-2', N'To be regularized', N'Value not present in reference data', GETDATE(), CAST(-2 AS Numeric(12, 0)), CAST(-2 AS Numeric(12, 0)), CAST(-2 AS Numeric(12, 0)), CAST(-2 AS Numeric(12, 0)), CAST(-2 AS Numeric(12, 0)), CAST(-2 AS Numeric(12, 0)), CAST(-2 AS Numeric(3, 0)), CAST(-2 AS Numeric(12, 0)), CAST(-2 AS Numeric(12, 0)), CAST(-2 AS Numeric(12, 0)), GETDATE(), GETDATE(), CAST(-2 AS Numeric(12, 0)), CAST(-2 AS Numeric(12, 0)), CAST(-2 AS Numeric(12, 0)), CAST(-2 AS Numeric(12, 0)))
INSERT ZRAD.[PROCESS_DIMENSION] ([PROCESS_ANCHOR_IDENTIFIER], [PROCESS_CODE], [PROCESS_NAME], [PROCESS_DESCRIPTION], [PROCESS_HOUR_TIME], [TIME_DAY_IDENTIFIER], [TIME_MONTH_IDENTIFIER], [TIME_QUARTER_IDENTIFIER], [TIME_SEMESTER_IDENTIFIER], [TIME_YEAR_IDENTIFIER], [TIME_PERIOD_IDENTIFIER], [GENERAL_INSURANCE_GLOBAL_INDICATOR_IDENTIFIER], [REPORTING_UNIT_IDENTIFIER], [CURRENCY_VARIATION_DAY_IDENTIFIER], [CURRENCY_VARIATION_MONTH_IDENTIFIER], [RECORD_INCLUSION_DATE], [RECORD_UPDATE_DATE], [SOURCE_SYSTEM_IDENTIFIER], [PROCESS_TYPE_IDENTIFIER], [PROCESS_ITEM_IDENTIFIER], [PROCESS_SUB_ITEM_IDENTIFIER]) VALUES (CAST(-1 AS Numeric(12, 0)), N'-1', N'Not applicable', N'Not applicable', GETDATE(), CAST(-1 AS Numeric(12, 0)), CAST(-1 AS Numeric(12, 0)), CAST(-1 AS Numeric(12, 0)), CAST(-1 AS Numeric(12, 0)), CAST(-1 AS Numeric(12, 0)), CAST(-1 AS Numeric(12, 0)), CAST(-1 AS Numeric(3, 0)), CAST(-1 AS Numeric(12, 0)), CAST(-1 AS Numeric(12, 0)), CAST(-1 AS Numeric(12, 0)), GETDATE(), GETDATE(), CAST(-1 AS Numeric(12, 0)), CAST(-1 AS Numeric(12, 0)), CAST(-1 AS Numeric(12, 0)), CAST(-1 AS Numeric(12, 0)))
END


IF (SELECT COUNT(*) FROM ZRAD.[PRODUCT_TYPE_DIMENSION])=0
BEGIN
INSERT ZRAD.[PRODUCT_TYPE_DIMENSION] ([PRODUCT_TYPE_ANCHOR_IDENTIFIER], [PRODUCT_TYPE_CODE], [PRODUCT_TYPE_NAME], [PRODUCT_TYPE_DESCRIPTION], [RECORD_INCLUSION_DATE], [RECORD_UPDATE_DATE], [SOURCE_SYSTEM_IDENTIFIER]) VALUES (CAST(-3 AS Numeric(12, 0)), N'-3', N'Missing value', N'Value missing in source data', GETDATE(), GETDATE(), CAST(-3 AS Numeric(12, 0)))
INSERT ZRAD.[PRODUCT_TYPE_DIMENSION] ([PRODUCT_TYPE_ANCHOR_IDENTIFIER], [PRODUCT_TYPE_CODE], [PRODUCT_TYPE_NAME], [PRODUCT_TYPE_DESCRIPTION], [RECORD_INCLUSION_DATE], [RECORD_UPDATE_DATE], [SOURCE_SYSTEM_IDENTIFIER]) VALUES (CAST(-2 AS Numeric(12, 0)), N'-2', N'To be regularized', N'Value not present in reference data', GETDATE(), GETDATE(), CAST(-2 AS Numeric(12, 0)))
INSERT ZRAD.[PRODUCT_TYPE_DIMENSION] ([PRODUCT_TYPE_ANCHOR_IDENTIFIER], [PRODUCT_TYPE_CODE], [PRODUCT_TYPE_NAME], [PRODUCT_TYPE_DESCRIPTION], [RECORD_INCLUSION_DATE], [RECORD_UPDATE_DATE], [SOURCE_SYSTEM_IDENTIFIER]) VALUES (CAST(-1 AS Numeric(12, 0)), N'-1', N'Not applicable', N'Not applicable', GETDATE(), GETDATE(), CAST(-1 AS Numeric(12, 0)))
END

IF (SELECT COUNT(*) FROM ZRAD.[PRODUCT_DIMENSION])=0
BEGIN
INSERT ZRAD.[PRODUCT_DIMENSION] ([PRODUCT_ANCHOR_IDENTIFIER], [PRODUCT_CODE], [PRODUCT_NAME], [PRODUCT_DESCRIPTION], [RECORD_INCLUSION_DATE], [RECORD_UPDATE_DATE], [SOURCE_SYSTEM_IDENTIFIER], [PRODUCT_TYPE_IDENTIFIER]) VALUES (CAST(-3 AS Numeric(12, 0)), N'-3', N'Missing value', N'Value missing in source data', GETDATE(), GETDATE(), CAST(-3 AS Numeric(12, 0)), CAST(-3 AS Numeric(12, 0)))
INSERT ZRAD.[PRODUCT_DIMENSION] ([PRODUCT_ANCHOR_IDENTIFIER], [PRODUCT_CODE], [PRODUCT_NAME], [PRODUCT_DESCRIPTION], [RECORD_INCLUSION_DATE], [RECORD_UPDATE_DATE], [SOURCE_SYSTEM_IDENTIFIER], [PRODUCT_TYPE_IDENTIFIER]) VALUES (CAST(-2 AS Numeric(12, 0)), N'-2', N'To be regularized', N'Value not present in reference data', GETDATE(), GETDATE(), CAST(-2 AS Numeric(12, 0)), CAST(-2 AS Numeric(12, 0)))
INSERT ZRAD.[PRODUCT_DIMENSION] ([PRODUCT_ANCHOR_IDENTIFIER], [PRODUCT_CODE], [PRODUCT_NAME], [PRODUCT_DESCRIPTION], [RECORD_INCLUSION_DATE], [RECORD_UPDATE_DATE], [SOURCE_SYSTEM_IDENTIFIER], [PRODUCT_TYPE_IDENTIFIER]) VALUES (CAST(-1 AS Numeric(12, 0)), N'-1', N'Not applicable', N'Not applicable', GETDATE(), GETDATE(), CAST(-1 AS Numeric(12, 0)), CAST(-1 AS Numeric(12, 0)))
END



IF (SELECT COUNT(*) FROM ZRAD.[RECOVERY_TYPE_DIMENSION])=0
BEGIN
INSERT ZRAD.[RECOVERY_TYPE_DIMENSION] ([RECOVERY_TYPE_ANCHOR_IDENTIFIER], [RECOVERY_TYPE_CODE], [RECOVERY_TYPE_NAME], [RECOVERY_TYPE_DESCRIPTION], [RECORD_INCLUSION_DATE], [RECORD_UPDATE_DATE], [SOURCE_SYSTEM_IDENTIFIER]) VALUES (CAST(-3 AS Numeric(12, 0)), N'-3', N'Missing value', N'Value missing in source data', GETDATE(), GETDATE(), CAST(-3 AS Numeric(12, 0)))
INSERT ZRAD.[RECOVERY_TYPE_DIMENSION] ([RECOVERY_TYPE_ANCHOR_IDENTIFIER], [RECOVERY_TYPE_CODE], [RECOVERY_TYPE_NAME], [RECOVERY_TYPE_DESCRIPTION], [RECORD_INCLUSION_DATE], [RECORD_UPDATE_DATE], [SOURCE_SYSTEM_IDENTIFIER]) VALUES (CAST(-2 AS Numeric(12, 0)), N'-2', N'To be regularized', N'Value not present in reference data', GETDATE(), GETDATE(), CAST(-2 AS Numeric(12, 0)))
INSERT ZRAD.[RECOVERY_TYPE_DIMENSION] ([RECOVERY_TYPE_ANCHOR_IDENTIFIER], [RECOVERY_TYPE_CODE], [RECOVERY_TYPE_NAME], [RECOVERY_TYPE_DESCRIPTION], [RECORD_INCLUSION_DATE], [RECORD_UPDATE_DATE], [SOURCE_SYSTEM_IDENTIFIER]) VALUES (CAST(-1 AS Numeric(12, 0)), N'-1', N'Not applicable', N'Not applicable', GETDATE(), GETDATE(), CAST(-1 AS Numeric(12, 0)))
END

IF (SELECT COUNT(*) FROM ZRAD.[RESERVE_CLASS_DIMENSION])=0
BEGIN
INSERT ZRAD.[RESERVE_CLASS_DIMENSION] ([RESERVE_CLASS_ANCHOR_IDENTIFIER], [RESERVE_CLASS_CODE], [RESERVE_CLASS_NAME], [RESERVE_CLASS_DESCRIPTION], [RESERVE_CLASS_LEVEL_IDENTIFIER], [RECORD_INCLUSION_DATE], [RECORD_UPDATE_DATE], [SOURCE_SYSTEM_IDENTIFIER], [RESERVE_COUNTRY_IDENTIFIER], [INFLATION_IDENTIFIER]) VALUES (CAST(-3 AS Numeric(12, 0)), N'-3', N'Missing value', N'Value missing in source data', CAST(-3 AS Numeric(12, 0)), GETDATE(), GETDATE(), CAST(-3 AS Numeric(12, 0)), CAST(-3 AS Numeric(12, 0)), CAST(-3 AS Numeric(12, 0)))
INSERT ZRAD.[RESERVE_CLASS_DIMENSION] ([RESERVE_CLASS_ANCHOR_IDENTIFIER], [RESERVE_CLASS_CODE], [RESERVE_CLASS_NAME], [RESERVE_CLASS_DESCRIPTION], [RESERVE_CLASS_LEVEL_IDENTIFIER], [RECORD_INCLUSION_DATE], [RECORD_UPDATE_DATE], [SOURCE_SYSTEM_IDENTIFIER], [RESERVE_COUNTRY_IDENTIFIER], [INFLATION_IDENTIFIER]) VALUES (CAST(-2 AS Numeric(12, 0)), N'-2', N'To be regularized', N'Value not present in reference data', CAST(-2 AS Numeric(12, 0)), GETDATE(), GETDATE(), CAST(-2 AS Numeric(12, 0)), CAST(-2 AS Numeric(12, 0)), CAST(-2 AS Numeric(12, 0)))
INSERT ZRAD.[RESERVE_CLASS_DIMENSION] ([RESERVE_CLASS_ANCHOR_IDENTIFIER], [RESERVE_CLASS_CODE], [RESERVE_CLASS_NAME], [RESERVE_CLASS_DESCRIPTION], [RESERVE_CLASS_LEVEL_IDENTIFIER], [RECORD_INCLUSION_DATE], [RECORD_UPDATE_DATE], [SOURCE_SYSTEM_IDENTIFIER], [RESERVE_COUNTRY_IDENTIFIER], [INFLATION_IDENTIFIER]) VALUES (CAST(-1 AS Numeric(12, 0)), N'-1', N'Not applicable', N'Not applicable', CAST(-1 AS Numeric(12, 0)), GETDATE(), GETDATE(), CAST(-1 AS Numeric(12, 0)), CAST(-1 AS Numeric(12, 0)), CAST(-1 AS Numeric(12, 0)))
END

IF (SELECT COUNT(*) FROM ZRAD.[RESERVE_CLASS_LEVEL_DIMENSION])=0
BEGIN
INSERT ZRAD.[RESERVE_CLASS_LEVEL_DIMENSION] ([RESERVE_CLASS_LEVEL_ANCHOR_IDENTIFIER], [RESERVE_CLASS_LEVEL_CODE], [RESERVE_CLASS_LEVEL_NAME], [RESERVE_CLASS_LEVEL_DESCRIPTION], [RECORD_INCLUSION_DATE], [RECORD_UPDATE_DATE], [SOURCE_SYSTEM_IDENTIFIER]) VALUES (CAST(-3 AS Numeric(12, 0)), N'-3', N'Missing value', N'Value missing in source data', GETDATE(), GETDATE(), CAST(-3 AS Numeric(12, 0)))
INSERT ZRAD.[RESERVE_CLASS_LEVEL_DIMENSION] ([RESERVE_CLASS_LEVEL_ANCHOR_IDENTIFIER], [RESERVE_CLASS_LEVEL_CODE], [RESERVE_CLASS_LEVEL_NAME], [RESERVE_CLASS_LEVEL_DESCRIPTION], [RECORD_INCLUSION_DATE], [RECORD_UPDATE_DATE], [SOURCE_SYSTEM_IDENTIFIER]) VALUES (CAST(-2 AS Numeric(12, 0)), N'-2', N'To be regularized', N'Value not present in reference data', GETDATE(), GETDATE(), CAST(-2 AS Numeric(12, 0)))
INSERT ZRAD.[RESERVE_CLASS_LEVEL_DIMENSION] ([RESERVE_CLASS_LEVEL_ANCHOR_IDENTIFIER], [RESERVE_CLASS_LEVEL_CODE], [RESERVE_CLASS_LEVEL_NAME], [RESERVE_CLASS_LEVEL_DESCRIPTION], [RECORD_INCLUSION_DATE], [RECORD_UPDATE_DATE], [SOURCE_SYSTEM_IDENTIFIER]) VALUES (CAST(-1 AS Numeric(12, 0)), N'-1', N'Not applicable', N'Not applicable', GETDATE(), GETDATE(), CAST(-1 AS Numeric(12, 0)))
END

IF (SELECT COUNT(*) FROM ZRAD.[RESERVE_FAMILY_GROUP_DIMENSION])=0
BEGIN
INSERT ZRAD.[RESERVE_FAMILY_GROUP_DIMENSION] ([RESERVE_FAMILY_GROUP_ANCHOR_IDENTIFIER], [RESERVE_FAMILY_GROUP_CODE], [RESERVE_FAMILY_GROUP_NAME], [RESERVE_FAMILY_GROUP_DESCRIPTION], [RECORD_INCLUSION_DATE], [RECORD_UPDATE_DATE], [SOURCE_SYSTEM_IDENTIFIER]) VALUES (CAST(-3 AS Numeric(12, 0)), N'-3', N'Missing value', N'Value missing in source data', GETDATE(), GETDATE(), CAST(-3 AS Numeric(12, 0)))
INSERT ZRAD.[RESERVE_FAMILY_GROUP_DIMENSION] ([RESERVE_FAMILY_GROUP_ANCHOR_IDENTIFIER], [RESERVE_FAMILY_GROUP_CODE], [RESERVE_FAMILY_GROUP_NAME], [RESERVE_FAMILY_GROUP_DESCRIPTION], [RECORD_INCLUSION_DATE], [RECORD_UPDATE_DATE], [SOURCE_SYSTEM_IDENTIFIER]) VALUES (CAST(-2 AS Numeric(12, 0)), N'-2', N'To be regularized', N'Value not present in reference data', GETDATE(), GETDATE(), CAST(-2 AS Numeric(12, 0)))
INSERT ZRAD.[RESERVE_FAMILY_GROUP_DIMENSION] ([RESERVE_FAMILY_GROUP_ANCHOR_IDENTIFIER], [RESERVE_FAMILY_GROUP_CODE], [RESERVE_FAMILY_GROUP_NAME], [RESERVE_FAMILY_GROUP_DESCRIPTION], [RECORD_INCLUSION_DATE], [RECORD_UPDATE_DATE], [SOURCE_SYSTEM_IDENTIFIER]) VALUES (CAST(-1 AS Numeric(12, 0)), N'-1', N'Not applicable', N'Not applicable', GETDATE(), GETDATE(), CAST(-1 AS Numeric(12, 0)))
END


IF (SELECT COUNT(*) FROM ZRAD.[RESERVE_SEGMENT_DIMENSION])=0
BEGIN
INSERT ZRAD.[RESERVE_SEGMENT_DIMENSION] ([RESERVE_SEGMENT_ANCHOR_IDENTIFIER], [RESERVE_SEGMENT_CODE], [RESERVE_SEGMENT_NAME], [RESERVE_SEGMENT_DESCRIPTION], [RESERVE_FAMILY_GROUP_IDENTIFIER], [RECORD_INCLUSION_DATE], [RECORD_UPDATE_DATE], [SOURCE_SYSTEM_IDENTIFIER]) VALUES (CAST(-3 AS Numeric(12, 0)), N'-3', N'Missing value', N'Value missing in source data', CAST(-3 AS Numeric(12, 0)), GETDATE(), GETDATE(), CAST(-3 AS Numeric(12, 0)))
INSERT ZRAD.[RESERVE_SEGMENT_DIMENSION] ([RESERVE_SEGMENT_ANCHOR_IDENTIFIER], [RESERVE_SEGMENT_CODE], [RESERVE_SEGMENT_NAME], [RESERVE_SEGMENT_DESCRIPTION], [RESERVE_FAMILY_GROUP_IDENTIFIER], [RECORD_INCLUSION_DATE], [RECORD_UPDATE_DATE], [SOURCE_SYSTEM_IDENTIFIER]) VALUES (CAST(-2 AS Numeric(12, 0)), N'-2', N'To be regularized', N'Value not present in reference data', CAST(-2 AS Numeric(12, 0)), GETDATE(), GETDATE(), CAST(-2 AS Numeric(12, 0)))
INSERT ZRAD.[RESERVE_SEGMENT_DIMENSION] ([RESERVE_SEGMENT_ANCHOR_IDENTIFIER], [RESERVE_SEGMENT_CODE], [RESERVE_SEGMENT_NAME], [RESERVE_SEGMENT_DESCRIPTION], [RESERVE_FAMILY_GROUP_IDENTIFIER], [RECORD_INCLUSION_DATE], [RECORD_UPDATE_DATE], [SOURCE_SYSTEM_IDENTIFIER]) VALUES (CAST(-1 AS Numeric(12, 0)), N'-1', N'Not applicable', N'Not applicable', CAST(-1 AS Numeric(12, 0)), GETDATE(), GETDATE(), CAST(-1 AS Numeric(12, 0)))
END

IF (SELECT COUNT(*) FROM ZRAD.[RESERVE_SEGMENT_RELATIONSHIP_TYPE_DIMENSION])=0
BEGIN
INSERT ZRAD.[RESERVE_SEGMENT_RELATIONSHIP_TYPE_DIMENSION] ([RESERVE_SEGMENT_RELATIONSHIP_TYPE_ANCHOR_IDENTIFIER], [RESERVE_SEGMENT_RELATIONSHIP_TYPE_CODE], [RESERVE_SEGMENT_RELATIONSHIP_TYPE_NAME], [RESERVE_SEGMENT_RELATIONSHIP_TYPE_DESCRIPTION], [RECORD_INCLUSION_DATE], [RECORD_UPDATE_DATE]) VALUES (CAST(-3 AS Numeric(12, 0)), N'-3', N'Missing value', N'Value missing in source data', GETDATE(), GETDATE())
INSERT ZRAD.[RESERVE_SEGMENT_RELATIONSHIP_TYPE_DIMENSION] ([RESERVE_SEGMENT_RELATIONSHIP_TYPE_ANCHOR_IDENTIFIER], [RESERVE_SEGMENT_RELATIONSHIP_TYPE_CODE], [RESERVE_SEGMENT_RELATIONSHIP_TYPE_NAME], [RESERVE_SEGMENT_RELATIONSHIP_TYPE_DESCRIPTION], [RECORD_INCLUSION_DATE], [RECORD_UPDATE_DATE]) VALUES (CAST(-2 AS Numeric(12, 0)), N'-2', N'To be regularized', N'Value not present in reference data', GETDATE(), GETDATE())
INSERT ZRAD.[RESERVE_SEGMENT_RELATIONSHIP_TYPE_DIMENSION] ([RESERVE_SEGMENT_RELATIONSHIP_TYPE_ANCHOR_IDENTIFIER], [RESERVE_SEGMENT_RELATIONSHIP_TYPE_CODE], [RESERVE_SEGMENT_RELATIONSHIP_TYPE_NAME], [RESERVE_SEGMENT_RELATIONSHIP_TYPE_DESCRIPTION], [RECORD_INCLUSION_DATE], [RECORD_UPDATE_DATE]) VALUES (CAST(-1 AS Numeric(12, 0)), N'-1', N'Not applicable', N'Not applicable', GETDATE(), GETDATE())
END

IF (SELECT COUNT(*) FROM ZRAD.[RESERVE_SUB_SEGMENT_DIMENSION])=0
BEGIN
INSERT ZRAD.[RESERVE_SUB_SEGMENT_DIMENSION] ([RESERVE_SUB_SEGMENT_ANCHOR_IDENTIFIER], [RESERVE_SUB_SEGMENT_CODE], [RESERVE_SUB_SEGMENT_NAME], [RESERVE_SUB_SEGMENT_DESCRIPTION], [RESERVE_SEGMENT_IDENTIFIER], [RECORD_INCLUSION_DATE], [RECORD_UPDATE_DATE], [SOURCE_SYSTEM_IDENTIFIER]) VALUES (CAST(-3 AS Numeric(12, 0)), N'-3', N'Missing value', N'Value missing in source data', CAST(-3 AS Numeric(12, 0)), GETDATE(), GETDATE(), CAST(-3 AS Numeric(12, 0)))
INSERT ZRAD.[RESERVE_SUB_SEGMENT_DIMENSION] ([RESERVE_SUB_SEGMENT_ANCHOR_IDENTIFIER], [RESERVE_SUB_SEGMENT_CODE], [RESERVE_SUB_SEGMENT_NAME], [RESERVE_SUB_SEGMENT_DESCRIPTION], [RESERVE_SEGMENT_IDENTIFIER], [RECORD_INCLUSION_DATE], [RECORD_UPDATE_DATE], [SOURCE_SYSTEM_IDENTIFIER]) VALUES (CAST(-2 AS Numeric(12, 0)), N'-2', N'To be regularized', N'Value not present in reference data', CAST(-2 AS Numeric(12, 0)), GETDATE(), GETDATE(), CAST(-2 AS Numeric(12, 0)))
INSERT ZRAD.[RESERVE_SUB_SEGMENT_DIMENSION] ([RESERVE_SUB_SEGMENT_ANCHOR_IDENTIFIER], [RESERVE_SUB_SEGMENT_CODE], [RESERVE_SUB_SEGMENT_NAME], [RESERVE_SUB_SEGMENT_DESCRIPTION], [RESERVE_SEGMENT_IDENTIFIER], [RECORD_INCLUSION_DATE], [RECORD_UPDATE_DATE], [SOURCE_SYSTEM_IDENTIFIER]) VALUES (CAST(-1 AS Numeric(12, 0)), N'-1', N'Not applicable', N'Not applicable', CAST(-1 AS Numeric(12, 0)), GETDATE(), GETDATE(), CAST(-1 AS Numeric(12, 0)))
END



IF (SELECT COUNT(*) FROM ZRAD.[RISK_TYPE_RELATIONSHIP_TYPE_DIMENSION])=0
BEGIN
INSERT ZRAD.[RISK_TYPE_RELATIONSHIP_TYPE_DIMENSION] ([RISK_TYPE_RELATIONSHIP_TYPE_ANCHOR_IDENTIFIER], [RISK_TYPE_RELATIONSHIP_TYPE_CODE], [RISK_TYPE_RELATIONSHIP_TYPE_NAME], [RISK_TYPE_RELATIONSHIP_TYPE_DESCRIPTION], [RECORD_INCLUSION_DATE], [RECORD_UPDATE_DATE], [SOURCE_SYSTEM_IDENTIFIER]) VALUES (CAST(-3 AS Numeric(12, 0)), N'-3', N'Missing value', N'Value missing in source data', GETDATE(), GETDATE(), CAST(-3 AS Numeric(12, 0)))
INSERT ZRAD.[RISK_TYPE_RELATIONSHIP_TYPE_DIMENSION] ([RISK_TYPE_RELATIONSHIP_TYPE_ANCHOR_IDENTIFIER], [RISK_TYPE_RELATIONSHIP_TYPE_CODE], [RISK_TYPE_RELATIONSHIP_TYPE_NAME], [RISK_TYPE_RELATIONSHIP_TYPE_DESCRIPTION], [RECORD_INCLUSION_DATE], [RECORD_UPDATE_DATE], [SOURCE_SYSTEM_IDENTIFIER]) VALUES (CAST(-2 AS Numeric(12, 0)), N'-2', N'To be regularized', N'Value not present in reference data', GETDATE(), GETDATE(), CAST(-2 AS Numeric(12, 0)))
INSERT ZRAD.[RISK_TYPE_RELATIONSHIP_TYPE_DIMENSION] ([RISK_TYPE_RELATIONSHIP_TYPE_ANCHOR_IDENTIFIER], [RISK_TYPE_RELATIONSHIP_TYPE_CODE], [RISK_TYPE_RELATIONSHIP_TYPE_NAME], [RISK_TYPE_RELATIONSHIP_TYPE_DESCRIPTION], [RECORD_INCLUSION_DATE], [RECORD_UPDATE_DATE], [SOURCE_SYSTEM_IDENTIFIER]) VALUES (CAST(-1 AS Numeric(12, 0)), N'-1', N'Not applicable', N'Not applicable', GETDATE(), GETDATE(), CAST(-1 AS Numeric(12, 0)))
END




IF (SELECT COUNT(*) FROM ZRAD.[TAX_CATEGORY_DIMENSION])=0
BEGIN
INSERT ZRAD.[TAX_CATEGORY_DIMENSION] ([TAX_CATEGORY_ANCHOR_IDENTIFIER], [TAX_CATEGORY_CODE], [TAX_CATEGORY_NAME], [TAX_CATEGORY_DESCRIPTION], [RECORD_INCLUSION_DATE], [RECORD_UPDATE_DATE], [SOURCE_SYSTEM_IDENTIFIER]) VALUES (CAST(-3 AS Numeric(12, 0)), N'-3', N'Missing value', N'Value missing in source data', GETDATE(), GETDATE(), CAST(-3 AS Numeric(12, 0)))
INSERT ZRAD.[TAX_CATEGORY_DIMENSION] ([TAX_CATEGORY_ANCHOR_IDENTIFIER], [TAX_CATEGORY_CODE], [TAX_CATEGORY_NAME], [TAX_CATEGORY_DESCRIPTION], [RECORD_INCLUSION_DATE], [RECORD_UPDATE_DATE], [SOURCE_SYSTEM_IDENTIFIER]) VALUES (CAST(-2 AS Numeric(12, 0)), N'-2', N'To be regularized', N'Value not present in reference data', GETDATE(), GETDATE(), CAST(-2 AS Numeric(12, 0)))
INSERT ZRAD.[TAX_CATEGORY_DIMENSION] ([TAX_CATEGORY_ANCHOR_IDENTIFIER], [TAX_CATEGORY_CODE], [TAX_CATEGORY_NAME], [TAX_CATEGORY_DESCRIPTION], [RECORD_INCLUSION_DATE], [RECORD_UPDATE_DATE], [SOURCE_SYSTEM_IDENTIFIER]) VALUES (CAST(-1 AS Numeric(12, 0)), N'-1', N'Not applicable', N'Not applicable', GETDATE(), GETDATE(), CAST(-1 AS Numeric(12, 0)))
END


IF (SELECT COUNT(*) FROM ZRAD.[TRANSACTION_TYPE_DIMENSION])=0
BEGIN
INSERT ZRAD.[TRANSACTION_TYPE_DIMENSION] ([TRANSACTION_TYPE_ANCHOR_IDENTIFIER], [TRANSACTION_TYPE_CODE], [TRANSACTION_TYPE_NAME], [TRANSACTION_TYPE_DESCRIPTION], [RECORD_INCLUSION_DATE], [RECORD_UPDATE_DATE], [SOURCE_SYSTEM_IDENTIFIER]) VALUES (CAST(-3 AS Numeric(12, 0)), N'-3', N'Missing value', N'Value missing in source data', GETDATE(), GETDATE(), CAST(-3 AS Numeric(12, 0)))
INSERT ZRAD.[TRANSACTION_TYPE_DIMENSION] ([TRANSACTION_TYPE_ANCHOR_IDENTIFIER], [TRANSACTION_TYPE_CODE], [TRANSACTION_TYPE_NAME], [TRANSACTION_TYPE_DESCRIPTION], [RECORD_INCLUSION_DATE], [RECORD_UPDATE_DATE], [SOURCE_SYSTEM_IDENTIFIER]) VALUES (CAST(-2 AS Numeric(12, 0)), N'-2', N'To be regularized', N'Value not present in reference data', GETDATE(), GETDATE(), CAST(-2 AS Numeric(12, 0)))
INSERT ZRAD.[TRANSACTION_TYPE_DIMENSION] ([TRANSACTION_TYPE_ANCHOR_IDENTIFIER], [TRANSACTION_TYPE_CODE], [TRANSACTION_TYPE_NAME], [TRANSACTION_TYPE_DESCRIPTION], [RECORD_INCLUSION_DATE], [RECORD_UPDATE_DATE], [SOURCE_SYSTEM_IDENTIFIER]) VALUES (CAST(-1 AS Numeric(12, 0)), N'-1', N'Not applicable', N'Not applicable', GETDATE(), GETDATE(), CAST(-1 AS Numeric(12, 0)))
END


IF (SELECT COUNT(*) FROM ZRAD.[UNDERWRITING_POLICY_TYPE_DIMENSION])=0
BEGIN
INSERT ZRAD.[UNDERWRITING_POLICY_TYPE_DIMENSION] ([UNDERWRITING_POLICY_TYPE_ANCHOR_IDENTIFIER], [UNDERWRITING_POLICY_TYPE_CODE], [UNDERWRITING_POLICY_TYPE_NAME], [UNDERWRITING_POLICY_TYPE_DESCRIPTION], [RECORD_INCLUSION_DATE], [RECORD_UPDATE_DATE], [SOURCE_SYSTEM_IDENTIFIER]) VALUES (CAST(-3 AS Numeric(12, 0)), N'-3', N'Missing value', N'Value missing in source data', GETDATE(), GETDATE(), CAST(-3 AS Numeric(12, 0)))
INSERT ZRAD.[UNDERWRITING_POLICY_TYPE_DIMENSION] ([UNDERWRITING_POLICY_TYPE_ANCHOR_IDENTIFIER], [UNDERWRITING_POLICY_TYPE_CODE], [UNDERWRITING_POLICY_TYPE_NAME], [UNDERWRITING_POLICY_TYPE_DESCRIPTION], [RECORD_INCLUSION_DATE], [RECORD_UPDATE_DATE], [SOURCE_SYSTEM_IDENTIFIER]) VALUES (CAST(-2 AS Numeric(12, 0)), N'-2', N'To be regularized', N'Value not present in reference data', GETDATE(), GETDATE(), CAST(-2 AS Numeric(12, 0)))
INSERT ZRAD.[UNDERWRITING_POLICY_TYPE_DIMENSION] ([UNDERWRITING_POLICY_TYPE_ANCHOR_IDENTIFIER], [UNDERWRITING_POLICY_TYPE_CODE], [UNDERWRITING_POLICY_TYPE_NAME], [UNDERWRITING_POLICY_TYPE_DESCRIPTION], [RECORD_INCLUSION_DATE], [RECORD_UPDATE_DATE], [SOURCE_SYSTEM_IDENTIFIER]) VALUES (CAST(-1 AS Numeric(12, 0)), N'-1', N'Not applicable', N'Not applicable', GETDATE(), GETDATE(), CAST(-1 AS Numeric(12, 0)))
END

IF (SELECT COUNT(*) FROM ZRAD.[WORLD_PROGRAM_TYPE_DIMENSION])=0
BEGIN
INSERT ZRAD.[WORLD_PROGRAM_TYPE_DIMENSION] ([WORLD_PROGRAM_TYPE_ANCHOR_IDENTIFIER], [WORLD_PROGRAM_TYPE_CODE], [WORLD_PROGRAM_TYPE_NAME], [WORLD_PROGRAM_TYPE_DESCRIPTION], [RECORD_INCLUSION_DATE], [RECORD_UPDATE_DATE], [SOURCE_SYSTEM_IDENTIFIER]) VALUES (CAST(-3 AS Numeric(12, 0)), N'-3', N'Missing value', N'Value missing in source data', GETDATE(), GETDATE(), CAST(-3 AS Numeric(12, 0)))
INSERT ZRAD.[WORLD_PROGRAM_TYPE_DIMENSION] ([WORLD_PROGRAM_TYPE_ANCHOR_IDENTIFIER], [WORLD_PROGRAM_TYPE_CODE], [WORLD_PROGRAM_TYPE_NAME], [WORLD_PROGRAM_TYPE_DESCRIPTION], [RECORD_INCLUSION_DATE], [RECORD_UPDATE_DATE], [SOURCE_SYSTEM_IDENTIFIER]) VALUES (CAST(-2 AS Numeric(12, 0)), N'-2', N'To be regularized', N'Value not present in reference data', GETDATE(), GETDATE(), CAST(-2 AS Numeric(12, 0)))
INSERT ZRAD.[WORLD_PROGRAM_TYPE_DIMENSION] ([WORLD_PROGRAM_TYPE_ANCHOR_IDENTIFIER], [WORLD_PROGRAM_TYPE_CODE], [WORLD_PROGRAM_TYPE_NAME], [WORLD_PROGRAM_TYPE_DESCRIPTION], [RECORD_INCLUSION_DATE], [RECORD_UPDATE_DATE], [SOURCE_SYSTEM_IDENTIFIER]) VALUES (CAST(-1 AS Numeric(12, 0)), N'-1', N'Not applicable', N'Not applicable', GETDATE(), GETDATE(), CAST(-1 AS Numeric(12, 0)))
END


IF (SELECT COUNT(*) FROM ZRAD.[UNDERWRITING_POLICY_DIMENSION])=0
BEGIN
INSERT ZRAD.[UNDERWRITING_POLICY_DIMENSION] ([UNDERWRITING_POLICY_ANCHOR_IDENTIFIER], [POLICY_NUMBER], [POLICY_CODE], [POLICY_DESCRIPTION], [CONTRACT_INSURANCE_NUMBER], [CERTIFICATE_POLICY_NUMBER], [POLICY_INCEPTION_DATE], [POLICY_TERM_START_DATE], [POLICY_TERM_END_DATE], [POLICY_EXPIRATION_DATE], [POLICY_TERM_START_YEAR_NUMBER], [COUNTRY_PRODUCING_IDENTIFIER], [UNDERWRITING_POLICY_MASTER_IDENTIFIER], [CUSTOMER_FIRST_POLICY_IDENTIFIER], [POLICY_PREVIOUS_IDENTIFIER], [RECORD_INCLUSION_DATE], [RECORD_UPDATE_DATE], [TIME_YEAR_IDENTIFIER], [INSURANCE_TYPE_IDENTIFIER], [BRANCH_POLICY_IDENTIFIER], [PRODUCT_IDENTIFIER], [SOURCE_SYSTEM_IDENTIFIER], [INSURANCE_LINE_POLICY_IDENTIFIER], [DISTRIBUTION_CHANNEL_IDENTIFIER], [ASSUMED_BUSINESS_INDICATOR_IDENTIFIER], [POLICY_STATUS_IDENTIFIER], [WORLD_PROGRAM_TYPE_IDENTIFIER], [INSURANCE_COMPANY_LEADER_IDENTIFIER], [SALE_MANAGER_IDENTIFIER], [AGENT_POLICY_IDENTIFIER], [DIRECT_IDENTIFIER], [INTERMEDIARY_IDENTIFIER], [POLICYHOLDER_IDENTIFIER], [INSURANCE_SEGMENT_IDENTIFIER], [LOCAL_DISTRIBUTOR_IDENTIFIER], [POLICY_CLAIM_INDICATOR_IDENTIFIER], [POLICYHOLDER_MASTER_IDENTIFIER], [CUSTOMER_MASTER_IDENTIFIER], [UNDERWRITING_POLICY_TYPE_IDENTIFIER], [INTERNATIONAL_PROGRAM_FLAG_IDENTIFIER], [MASTER_POLICY_INDICATOR_IDENTIFIER], [TRADE_PARTNER_IDENTIFIER], [INTERNATIONAL_PROGRAM_IDENTIFIER]) VALUES (CAST(-3 AS Numeric(12, 0)), CAST(-3 AS Numeric(12, 0)), N'-3', N'Missing value', N'Value missing in source data', N'-3', GETDATE(), GETDATE(), GETDATE(), GETDATE(), CAST(-3 AS Numeric(4, 0)), CAST(-3 AS Numeric(12, 0)), CAST(-3 AS Numeric(12, 0)), CAST(-3 AS Numeric(12, 0)), CAST(-3 AS Numeric(12, 0)), GETDATE(), GETDATE(), CAST(-3 AS Numeric(12, 0)), CAST(-3 AS Numeric(12, 0)), CAST(-3 AS Numeric(12, 0)), CAST(-3 AS Numeric(12, 0)), CAST(-3 AS Numeric(12, 0)), CAST(-3 AS Numeric(12, 0)), CAST(-3 AS Numeric(12, 0)), CAST(-3 AS Numeric(3, 0)), CAST(-3 AS Numeric(12, 0)), CAST(-3 AS Numeric(12, 0)), CAST(-3 AS Numeric(12, 0)), CAST(-3 AS Numeric(12, 0)), CAST(-3 AS Numeric(12, 0)), CAST(-3 AS Numeric(12, 0)), CAST(-3 AS Numeric(12, 0)), CAST(-3 AS Numeric(12, 0)), CAST(-3 AS Numeric(12, 0)), CAST(-3 AS Numeric(12, 0)), CAST(-3 AS Numeric(3, 0)), CAST(-3 AS Numeric(12, 0)), CAST(-3 AS Numeric(12, 0)), CAST(-3 AS Numeric(12, 0)), CAST(-3 AS Numeric(3, 0)), CAST(-3 AS Numeric(3, 0)), CAST(-3 AS Numeric(12, 0)), CAST(-3 AS Numeric(12, 0)))
INSERT ZRAD.[UNDERWRITING_POLICY_DIMENSION] ([UNDERWRITING_POLICY_ANCHOR_IDENTIFIER], [POLICY_NUMBER], [POLICY_CODE], [POLICY_DESCRIPTION], [CONTRACT_INSURANCE_NUMBER], [CERTIFICATE_POLICY_NUMBER], [POLICY_INCEPTION_DATE], [POLICY_TERM_START_DATE], [POLICY_TERM_END_DATE], [POLICY_EXPIRATION_DATE], [POLICY_TERM_START_YEAR_NUMBER], [COUNTRY_PRODUCING_IDENTIFIER], [UNDERWRITING_POLICY_MASTER_IDENTIFIER], [CUSTOMER_FIRST_POLICY_IDENTIFIER], [POLICY_PREVIOUS_IDENTIFIER], [RECORD_INCLUSION_DATE], [RECORD_UPDATE_DATE], [TIME_YEAR_IDENTIFIER], [INSURANCE_TYPE_IDENTIFIER], [BRANCH_POLICY_IDENTIFIER], [PRODUCT_IDENTIFIER], [SOURCE_SYSTEM_IDENTIFIER], [INSURANCE_LINE_POLICY_IDENTIFIER], [DISTRIBUTION_CHANNEL_IDENTIFIER], [ASSUMED_BUSINESS_INDICATOR_IDENTIFIER], [POLICY_STATUS_IDENTIFIER], [WORLD_PROGRAM_TYPE_IDENTIFIER], [INSURANCE_COMPANY_LEADER_IDENTIFIER], [SALE_MANAGER_IDENTIFIER], [AGENT_POLICY_IDENTIFIER], [DIRECT_IDENTIFIER], [INTERMEDIARY_IDENTIFIER], [POLICYHOLDER_IDENTIFIER], [INSURANCE_SEGMENT_IDENTIFIER], [LOCAL_DISTRIBUTOR_IDENTIFIER], [POLICY_CLAIM_INDICATOR_IDENTIFIER], [POLICYHOLDER_MASTER_IDENTIFIER], [CUSTOMER_MASTER_IDENTIFIER], [UNDERWRITING_POLICY_TYPE_IDENTIFIER], [INTERNATIONAL_PROGRAM_FLAG_IDENTIFIER], [MASTER_POLICY_INDICATOR_IDENTIFIER], [TRADE_PARTNER_IDENTIFIER], [INTERNATIONAL_PROGRAM_IDENTIFIER]) VALUES (CAST(-2 AS Numeric(12, 0)), CAST(-2 AS Numeric(12, 0)), N'-2', N'To be regularized', N'Value not present in reference data', N'-2', GETDATE(), GETDATE(), GETDATE(), GETDATE(), CAST(-2 AS Numeric(4, 0)), CAST(-2 AS Numeric(12, 0)), CAST(-2 AS Numeric(12, 0)), CAST(-2 AS Numeric(12, 0)), CAST(-2 AS Numeric(12, 0)), GETDATE(), GETDATE(), CAST(-2 AS Numeric(12, 0)), CAST(-2 AS Numeric(12, 0)), CAST(-2 AS Numeric(12, 0)), CAST(-2 AS Numeric(12, 0)), CAST(-2 AS Numeric(12, 0)), CAST(-2 AS Numeric(12, 0)), CAST(-2 AS Numeric(12, 0)), CAST(-2 AS Numeric(3, 0)), CAST(-2 AS Numeric(12, 0)), CAST(-2 AS Numeric(12, 0)), CAST(-2 AS Numeric(12, 0)), CAST(-2 AS Numeric(12, 0)), CAST(-2 AS Numeric(12, 0)), CAST(-2 AS Numeric(12, 0)), CAST(-2 AS Numeric(12, 0)), CAST(-2 AS Numeric(12, 0)), CAST(-2 AS Numeric(12, 0)), CAST(-2 AS Numeric(12, 0)), CAST(-2 AS Numeric(3, 0)), CAST(-2 AS Numeric(12, 0)), CAST(-2 AS Numeric(12, 0)), CAST(-2 AS Numeric(12, 0)), CAST(-2 AS Numeric(3, 0)), CAST(-2 AS Numeric(3, 0)), CAST(-2 AS Numeric(12, 0)), CAST(-2 AS Numeric(12, 0)))
INSERT ZRAD.[UNDERWRITING_POLICY_DIMENSION] ([UNDERWRITING_POLICY_ANCHOR_IDENTIFIER], [POLICY_NUMBER], [POLICY_CODE], [POLICY_DESCRIPTION], [CONTRACT_INSURANCE_NUMBER], [CERTIFICATE_POLICY_NUMBER], [POLICY_INCEPTION_DATE], [POLICY_TERM_START_DATE], [POLICY_TERM_END_DATE], [POLICY_EXPIRATION_DATE], [POLICY_TERM_START_YEAR_NUMBER], [COUNTRY_PRODUCING_IDENTIFIER], [UNDERWRITING_POLICY_MASTER_IDENTIFIER], [CUSTOMER_FIRST_POLICY_IDENTIFIER], [POLICY_PREVIOUS_IDENTIFIER], [RECORD_INCLUSION_DATE], [RECORD_UPDATE_DATE], [TIME_YEAR_IDENTIFIER], [INSURANCE_TYPE_IDENTIFIER], [BRANCH_POLICY_IDENTIFIER], [PRODUCT_IDENTIFIER], [SOURCE_SYSTEM_IDENTIFIER], [INSURANCE_LINE_POLICY_IDENTIFIER], [DISTRIBUTION_CHANNEL_IDENTIFIER], [ASSUMED_BUSINESS_INDICATOR_IDENTIFIER], [POLICY_STATUS_IDENTIFIER], [WORLD_PROGRAM_TYPE_IDENTIFIER], [INSURANCE_COMPANY_LEADER_IDENTIFIER], [SALE_MANAGER_IDENTIFIER], [AGENT_POLICY_IDENTIFIER], [DIRECT_IDENTIFIER], [INTERMEDIARY_IDENTIFIER], [POLICYHOLDER_IDENTIFIER], [INSURANCE_SEGMENT_IDENTIFIER], [LOCAL_DISTRIBUTOR_IDENTIFIER], [POLICY_CLAIM_INDICATOR_IDENTIFIER], [POLICYHOLDER_MASTER_IDENTIFIER], [CUSTOMER_MASTER_IDENTIFIER], [UNDERWRITING_POLICY_TYPE_IDENTIFIER], [INTERNATIONAL_PROGRAM_FLAG_IDENTIFIER], [MASTER_POLICY_INDICATOR_IDENTIFIER], [TRADE_PARTNER_IDENTIFIER], [INTERNATIONAL_PROGRAM_IDENTIFIER]) VALUES (CAST(-1 AS Numeric(12, 0)), CAST(-1 AS Numeric(12, 0)), N'-1', N'Not applicable', N'Not applicable', N'-1', GETDATE(), GETDATE(), GETDATE(), GETDATE(), CAST(-1 AS Numeric(4, 0)), CAST(-1 AS Numeric(12, 0)), CAST(-1 AS Numeric(12, 0)), CAST(-1 AS Numeric(12, 0)), CAST(-1 AS Numeric(12, 0)), GETDATE(), GETDATE(), CAST(-1 AS Numeric(12, 0)), CAST(-1 AS Numeric(12, 0)), CAST(-1 AS Numeric(12, 0)), CAST(-1 AS Numeric(12, 0)), CAST(-1 AS Numeric(12, 0)), CAST(-1 AS Numeric(12, 0)), CAST(-1 AS Numeric(12, 0)), CAST(-1 AS Numeric(3, 0)), CAST(-1 AS Numeric(12, 0)), CAST(-1 AS Numeric(12, 0)), CAST(-1 AS Numeric(12, 0)), CAST(-1 AS Numeric(12, 0)), CAST(-1 AS Numeric(12, 0)), CAST(-1 AS Numeric(12, 0)), CAST(-1 AS Numeric(12, 0)), CAST(-1 AS Numeric(12, 0)), CAST(-1 AS Numeric(12, 0)), CAST(-1 AS Numeric(12, 0)), CAST(-1 AS Numeric(3, 0)), CAST(-1 AS Numeric(12, 0)), CAST(-1 AS Numeric(12, 0)), CAST(-1 AS Numeric(12, 0)), CAST(-1 AS Numeric(3, 0)), CAST(-1 AS Numeric(3, 0)), CAST(-1 AS Numeric(12, 0)), CAST(-1 AS Numeric(12, 0)))
END

IF (SELECT COUNT(*) FROM ZRAD.[UNDERWRITING_ITEM_POLICY_DIMENSION])=0
BEGIN
INSERT ZRAD.[UNDERWRITING_ITEM_POLICY_DIMENSION] ([UNDERWRITING_ITEM_POLICY_ANCHOR_IDENTIFIER], [UNDERWRITING_POLICY_IDENTIFIER], [ITEM_POLICY_NUMBER], [ITEM_POLICY_TERM_START_DATE], [ITEM_POLICY_TERM_END_DATE], [RECORD_INCLUSION_DATE], [RECORD_UPDATE_DATE], [POLICY_STATUS_IDENTIFIER], [SOURCE_SYSTEM_IDENTIFIER]) VALUES (CAST(-3 AS Numeric(12, 0)), CAST(-3 AS Numeric(12, 0)), CAST(-3 AS Numeric(12, 0)), GETDATE(), GETDATE(), GETDATE(), GETDATE(), CAST(-3 AS Numeric(12, 0)), CAST(-3 AS Numeric(12, 0)))
INSERT ZRAD.[UNDERWRITING_ITEM_POLICY_DIMENSION] ([UNDERWRITING_ITEM_POLICY_ANCHOR_IDENTIFIER], [UNDERWRITING_POLICY_IDENTIFIER], [ITEM_POLICY_NUMBER], [ITEM_POLICY_TERM_START_DATE], [ITEM_POLICY_TERM_END_DATE], [RECORD_INCLUSION_DATE], [RECORD_UPDATE_DATE], [POLICY_STATUS_IDENTIFIER], [SOURCE_SYSTEM_IDENTIFIER]) VALUES (CAST(-2 AS Numeric(12, 0)), CAST(-2 AS Numeric(12, 0)), CAST(-2 AS Numeric(12, 0)), GETDATE(), GETDATE(), GETDATE(), GETDATE(), CAST(-2 AS Numeric(12, 0)), CAST(-2 AS Numeric(12, 0)))
INSERT ZRAD.[UNDERWRITING_ITEM_POLICY_DIMENSION] ([UNDERWRITING_ITEM_POLICY_ANCHOR_IDENTIFIER], [UNDERWRITING_POLICY_IDENTIFIER], [ITEM_POLICY_NUMBER], [ITEM_POLICY_TERM_START_DATE], [ITEM_POLICY_TERM_END_DATE], [RECORD_INCLUSION_DATE], [RECORD_UPDATE_DATE], [POLICY_STATUS_IDENTIFIER], [SOURCE_SYSTEM_IDENTIFIER]) VALUES (CAST(-1 AS Numeric(12, 0)), CAST(-1 AS Numeric(12, 0)), CAST(-1 AS Numeric(12, 0)), GETDATE(), GETDATE(), GETDATE(), GETDATE(), CAST(-1 AS Numeric(12, 0)), CAST(-1 AS Numeric(12, 0)))
END



IF (SELECT COUNT(*) FROM ZRAD.[UNDERWRITING_ENDORSEMENT_DIMENSION])=0
BEGIN
INSERT ZRAD.[UNDERWRITING_ENDORSEMENT_DIMENSION] ([UNDERWRITING_ENDORSEMENT_ANCHOR_IDENTIFIER], [UNDERWRITING_ITEM_POLICY_IDENTIFIER], [ENDORSEMENT_NUMBER], [POLICY_BOUND_DATE], [ENDORSEMENT_TERM_START_DATE], [ENDORSEMENT_TERM_END_DATE], [RECORD_INCLUSION_DATE], [RECORD_UPDATE_DATE], [POLICY_STATUS_IDENTIFIER], [SOURCE_SYSTEM_IDENTIFIER]) VALUES (CAST(-3 AS Numeric(12, 0)), CAST(-3 AS Numeric(12, 0)), CAST(-3 AS Numeric(12, 0)), GETDATE(), GETDATE(), GETDATE(), GETDATE(), GETDATE(), CAST(-3 AS Numeric(12, 0)), CAST(-3 AS Numeric(12, 0)))
INSERT ZRAD.[UNDERWRITING_ENDORSEMENT_DIMENSION] ([UNDERWRITING_ENDORSEMENT_ANCHOR_IDENTIFIER], [UNDERWRITING_ITEM_POLICY_IDENTIFIER], [ENDORSEMENT_NUMBER], [POLICY_BOUND_DATE], [ENDORSEMENT_TERM_START_DATE], [ENDORSEMENT_TERM_END_DATE], [RECORD_INCLUSION_DATE], [RECORD_UPDATE_DATE], [POLICY_STATUS_IDENTIFIER], [SOURCE_SYSTEM_IDENTIFIER]) VALUES (CAST(-2 AS Numeric(12, 0)), CAST(-2 AS Numeric(12, 0)), CAST(-2 AS Numeric(12, 0)), GETDATE(), GETDATE(), GETDATE(), GETDATE(), GETDATE(), CAST(-2 AS Numeric(12, 0)), CAST(-2 AS Numeric(12, 0)))
INSERT ZRAD.[UNDERWRITING_ENDORSEMENT_DIMENSION] ([UNDERWRITING_ENDORSEMENT_ANCHOR_IDENTIFIER], [UNDERWRITING_ITEM_POLICY_IDENTIFIER], [ENDORSEMENT_NUMBER], [POLICY_BOUND_DATE], [ENDORSEMENT_TERM_START_DATE], [ENDORSEMENT_TERM_END_DATE], [RECORD_INCLUSION_DATE], [RECORD_UPDATE_DATE], [POLICY_STATUS_IDENTIFIER], [SOURCE_SYSTEM_IDENTIFIER]) VALUES (CAST(-1 AS Numeric(12, 0)), CAST(-1 AS Numeric(12, 0)), CAST(-1 AS Numeric(12, 0)), GETDATE(), GETDATE(), GETDATE(), GETDATE(), GETDATE(), CAST(-1 AS Numeric(12, 0)), CAST(-1 AS Numeric(12, 0)))
END


IF (SELECT COUNT(*) FROM ZRAD.[VENUE_JUDICIAL_PROCEDURE_DIMENSION])=0
BEGIN
INSERT ZRAD.[VENUE_JUDICIAL_PROCEDURE_DIMENSION] ([VENUE_JUDICIAL_PROCEDURE_ANCHOR_IDENTIFIER], [VENUE_JUDICIAL_PROCEDURE_CODE], [VENUE_JUDICIAL_PROCEDURE_NAME], [VENUE_JUDICIAL_PROCEDURE_DESCRIPTION], [RECORD_INCLUSION_DATE], [RECORD_UPDATE_DATE], [SOURCE_SYSTEM_IDENTIFIER]) VALUES (CAST(-3 AS Numeric(12, 0)), N'-3', N'Missing value', N'Value missing in source data', GETDATE(), GETDATE(), CAST(-3 AS Numeric(12, 0)))
INSERT ZRAD.[VENUE_JUDICIAL_PROCEDURE_DIMENSION] ([VENUE_JUDICIAL_PROCEDURE_ANCHOR_IDENTIFIER], [VENUE_JUDICIAL_PROCEDURE_CODE], [VENUE_JUDICIAL_PROCEDURE_NAME], [VENUE_JUDICIAL_PROCEDURE_DESCRIPTION], [RECORD_INCLUSION_DATE], [RECORD_UPDATE_DATE], [SOURCE_SYSTEM_IDENTIFIER]) VALUES (CAST(-2 AS Numeric(12, 0)), N'-2', N'To be regularized', N'Value not present in reference data', GETDATE(), GETDATE(), CAST(-2 AS Numeric(12, 0)))
INSERT ZRAD.[VENUE_JUDICIAL_PROCEDURE_DIMENSION] ([VENUE_JUDICIAL_PROCEDURE_ANCHOR_IDENTIFIER], [VENUE_JUDICIAL_PROCEDURE_CODE], [VENUE_JUDICIAL_PROCEDURE_NAME], [VENUE_JUDICIAL_PROCEDURE_DESCRIPTION], [RECORD_INCLUSION_DATE], [RECORD_UPDATE_DATE], [SOURCE_SYSTEM_IDENTIFIER]) VALUES (CAST(-1 AS Numeric(12, 0)), N'-1', N'Not applicable', N'Not applicable', GETDATE(), GETDATE(), CAST(-1 AS Numeric(12, 0)))
END



IF (SELECT COUNT(*) FROM ZRAD.[CLAIM_EVENT_RELATIONSHIP_DIMENSION])=0
BEGIN
INSERT ZRAD.[CLAIM_EVENT_RELATIONSHIP_DIMENSION] ([CLAIM_EVENT_IDENTIFIER], [PARENT_CLAIM_EVENT_IDENTIFIER], [CLAIM_EVENT_RELATIONSHIP_NAME], [CLAIM_EVENT_RELATIONSHIP_DESCRIPTION], [RECORD_INCLUSION_DATE], [RECORD_UPDATE_DATE]) VALUES (CAST(-3 AS Numeric(12, 0)), CAST(-3 AS Numeric(12, 0)), N'Missing value', N'Value missing in source data', GETDATE(), GETDATE())
INSERT ZRAD.[CLAIM_EVENT_RELATIONSHIP_DIMENSION] ([CLAIM_EVENT_IDENTIFIER], [PARENT_CLAIM_EVENT_IDENTIFIER], [CLAIM_EVENT_RELATIONSHIP_NAME], [CLAIM_EVENT_RELATIONSHIP_DESCRIPTION], [RECORD_INCLUSION_DATE], [RECORD_UPDATE_DATE]) VALUES (CAST(-2 AS Numeric(12, 0)), CAST(-2 AS Numeric(12, 0)), N'To be regularized', N'Value not present in reference data', GETDATE(), GETDATE())
INSERT ZRAD.[CLAIM_EVENT_RELATIONSHIP_DIMENSION] ([CLAIM_EVENT_IDENTIFIER], [PARENT_CLAIM_EVENT_IDENTIFIER], [CLAIM_EVENT_RELATIONSHIP_NAME], [CLAIM_EVENT_RELATIONSHIP_DESCRIPTION], [RECORD_INCLUSION_DATE], [RECORD_UPDATE_DATE]) VALUES (CAST(-1 AS Numeric(12, 0)), CAST(-1 AS Numeric(12, 0)), N'Not applicable', N'Not applicable', GETDATE(), GETDATE())
END

IF (SELECT COUNT(*) FROM ZRAD.[CURRENCY_VARIATION_HOUR_DIMENSION])=0
BEGIN
INSERT ZRAD.[CURRENCY_VARIATION_HOUR_DIMENSION] ([CURRENCY_VARIATION_HOUR_ANCHOR_IDENTIFIER], [CURRENCY_VARIATION_DAY_IDENTIFIER], [CURRENCY_VARIATION_HOUR_TIME], [SALES_PRICE_HOUR_AMOUNT], [PURCHASE_PRICE_HOUR_AMOUNT], [VARIANCE_HOUR_PERCENT], [VARIANCE_HOUR_AMOUNT], [RECORD_INCLUSION_DATE], [RECORD_UPDATE_DATE], [SOURCE_SYSTEM_IDENTIFIER]) VALUES (CAST(-3 AS Numeric(12, 0)), CAST(-3 AS Numeric(12, 0)), GETDATE(), CAST(0.0000 AS Decimal(12, 4)), CAST(0.0000 AS Decimal(12, 4)), CAST(0.0000 AS Decimal(7, 4)), CAST(0.0000 AS Decimal(7, 4)), GETDATE(), GETDATE(), CAST(-3 AS Numeric(12, 0)))
INSERT ZRAD.[CURRENCY_VARIATION_HOUR_DIMENSION] ([CURRENCY_VARIATION_HOUR_ANCHOR_IDENTIFIER], [CURRENCY_VARIATION_DAY_IDENTIFIER], [CURRENCY_VARIATION_HOUR_TIME], [SALES_PRICE_HOUR_AMOUNT], [PURCHASE_PRICE_HOUR_AMOUNT], [VARIANCE_HOUR_PERCENT], [VARIANCE_HOUR_AMOUNT], [RECORD_INCLUSION_DATE], [RECORD_UPDATE_DATE], [SOURCE_SYSTEM_IDENTIFIER]) VALUES (CAST(-2 AS Numeric(12, 0)), CAST(-2 AS Numeric(12, 0)), GETDATE(), CAST(0.0000 AS Decimal(12, 4)), CAST(0.0000 AS Decimal(12, 4)), CAST(0.0000 AS Decimal(7, 4)), CAST(0.0000 AS Decimal(7, 4)), GETDATE(), GETDATE(), CAST(-2 AS Numeric(12, 0)))
INSERT ZRAD.[CURRENCY_VARIATION_HOUR_DIMENSION] ([CURRENCY_VARIATION_HOUR_ANCHOR_IDENTIFIER], [CURRENCY_VARIATION_DAY_IDENTIFIER], [CURRENCY_VARIATION_HOUR_TIME], [SALES_PRICE_HOUR_AMOUNT], [PURCHASE_PRICE_HOUR_AMOUNT], [VARIANCE_HOUR_PERCENT], [VARIANCE_HOUR_AMOUNT], [RECORD_INCLUSION_DATE], [RECORD_UPDATE_DATE], [SOURCE_SYSTEM_IDENTIFIER]) VALUES (CAST(-1 AS Numeric(12, 0)), CAST(-1 AS Numeric(12, 0)), GETDATE(), CAST(0.0000 AS Decimal(12, 4)), CAST(0.0000 AS Decimal(12, 4)), CAST(0.0000 AS Decimal(7, 4)), CAST(0.0000 AS Decimal(7, 4)), GETDATE(), GETDATE(), CAST(-1 AS Numeric(12, 0)))
END

IF (SELECT COUNT(*) FROM ZRAD.[INSURANCE_LINE_RELATIONSHIP_DIMENSION])=0
BEGIN
INSERT ZRAD.[INSURANCE_LINE_RELATIONSHIP_DIMENSION] ([INSURANCE_LINE_IDENTIFIER], [INSURANCE_LINE_RELATIONSHIP_IDENTIFIER], [RECORD_INCLUSION_DATE], [RECORD_UPDATE_DATE]) VALUES (CAST(-3 AS Numeric(12, 0)), CAST(-3 AS Numeric(12, 0)), GETDATE(), GETDATE())
INSERT ZRAD.[INSURANCE_LINE_RELATIONSHIP_DIMENSION] ([INSURANCE_LINE_IDENTIFIER], [INSURANCE_LINE_RELATIONSHIP_IDENTIFIER], [RECORD_INCLUSION_DATE], [RECORD_UPDATE_DATE]) VALUES (CAST(-2 AS Numeric(12, 0)), CAST(-2 AS Numeric(12, 0)), GETDATE(), GETDATE())
INSERT ZRAD.[INSURANCE_LINE_RELATIONSHIP_DIMENSION] ([INSURANCE_LINE_IDENTIFIER], [INSURANCE_LINE_RELATIONSHIP_IDENTIFIER], [RECORD_INCLUSION_DATE], [RECORD_UPDATE_DATE]) VALUES (CAST(-1 AS Numeric(12, 0)), CAST(-1 AS Numeric(12, 0)), GETDATE(), GETDATE())
END


IF (SELECT COUNT(*) FROM ZRAD.[PARTY_ROLE_RELATIONSHIP_TYPE_DIMENSION])=0
BEGIN
INSERT ZRAD.[PARTY_ROLE_RELATIONSHIP_TYPE_DIMENSION] ([PARTY_ROLE_RELATIONSHIP_TYPE_ANCHOR_IDENTIFIER], [PARTY_ROLE_RELATIONSHIP_TYPE_CODE], [PARTY_ROLE_RELATIONSHIP_TYPE_NAME], [PARTY_ROLE_RELATIONSHIP_TYPE_DESCRIPTION], [RECORD_INCLUSION_DATE], [RECORD_UPDATE_DATE]) VALUES (CAST(-3 AS Numeric(12, 0)), N'-3', N'Missing value', N'Value missing in source data', GETDATE(), GETDATE())
INSERT ZRAD.[PARTY_ROLE_RELATIONSHIP_TYPE_DIMENSION] ([PARTY_ROLE_RELATIONSHIP_TYPE_ANCHOR_IDENTIFIER], [PARTY_ROLE_RELATIONSHIP_TYPE_CODE], [PARTY_ROLE_RELATIONSHIP_TYPE_NAME], [PARTY_ROLE_RELATIONSHIP_TYPE_DESCRIPTION], [RECORD_INCLUSION_DATE], [RECORD_UPDATE_DATE]) VALUES (CAST(-2 AS Numeric(12, 0)), N'-2', N'To be regularized', N'Value not present in reference data', GETDATE(), GETDATE())
INSERT ZRAD.[PARTY_ROLE_RELATIONSHIP_TYPE_DIMENSION] ([PARTY_ROLE_RELATIONSHIP_TYPE_ANCHOR_IDENTIFIER], [PARTY_ROLE_RELATIONSHIP_TYPE_CODE], [PARTY_ROLE_RELATIONSHIP_TYPE_NAME], [PARTY_ROLE_RELATIONSHIP_TYPE_DESCRIPTION], [RECORD_INCLUSION_DATE], [RECORD_UPDATE_DATE]) VALUES (CAST(-1 AS Numeric(12, 0)), N'-1', N'Not applicable', N'Not applicable', GETDATE(), GETDATE())
END

IF (SELECT COUNT(*) FROM ZRAD.[PARTY_ROLE_RELATIONSHIP_DIMENSION])=0
BEGIN
INSERT ZRAD.[PARTY_ROLE_RELATIONSHIP_DIMENSION] ([PARTY_ROLE_IDENTIFIER], [PARTY_ROLE_RELATIONSHIP_IDENTIFIER], [RELATIONSHIP_NAME], [RELATIONSHIP_DESCRIPTION], [PARTY_ROLE_RELATIONSHIP_TYPE_IDENTIFIER], [RECORD_INCLUSION_DATE], [RECORD_UPDATE_DATE]) VALUES (CAST(-3 AS Numeric(12, 0)), CAST(-3 AS Numeric(12, 0)), N'Missing value', N'Value missing in source data', CAST(-3 AS Numeric(12, 0)), GETDATE(), GETDATE())
INSERT ZRAD.[PARTY_ROLE_RELATIONSHIP_DIMENSION] ([PARTY_ROLE_IDENTIFIER], [PARTY_ROLE_RELATIONSHIP_IDENTIFIER], [RELATIONSHIP_NAME], [RELATIONSHIP_DESCRIPTION], [PARTY_ROLE_RELATIONSHIP_TYPE_IDENTIFIER], [RECORD_INCLUSION_DATE], [RECORD_UPDATE_DATE]) VALUES (CAST(-2 AS Numeric(12, 0)), CAST(-2 AS Numeric(12, 0)), N'To be regularized', N'Value not present in reference data', CAST(-2 AS Numeric(12, 0)), GETDATE(), GETDATE())
INSERT ZRAD.[PARTY_ROLE_RELATIONSHIP_DIMENSION] ([PARTY_ROLE_IDENTIFIER], [PARTY_ROLE_RELATIONSHIP_IDENTIFIER], [RELATIONSHIP_NAME], [RELATIONSHIP_DESCRIPTION], [PARTY_ROLE_RELATIONSHIP_TYPE_IDENTIFIER], [RECORD_INCLUSION_DATE], [RECORD_UPDATE_DATE]) VALUES (CAST(-1 AS Numeric(12, 0)), CAST(-1 AS Numeric(12, 0)), N'Not applicable', N'Not applicable', CAST(-1 AS Numeric(12, 0)), GETDATE(), GETDATE())
END


IF (SELECT COUNT(*) FROM ZRAD.[PLACE_RELATIONSHIP_TYPE_DIMENSION])=0
BEGIN
INSERT ZRAD.[PLACE_RELATIONSHIP_TYPE_DIMENSION] ([PLACE_RELATIONSHIP_TYPE_ANCHOR_IDENTIFIER], [PLACE_RELATIONSHIP_TYPE_CODE], [PLACE_RELATIONSHIP_TYPE_NAME], [PLACE_RELATIONSHIP_TYPE_DESCRIPTION]) VALUES (CAST(-3 AS Numeric(12, 0)), N'-3', N'Missing value', N'Value missing in source data')
INSERT ZRAD.[PLACE_RELATIONSHIP_TYPE_DIMENSION] ([PLACE_RELATIONSHIP_TYPE_ANCHOR_IDENTIFIER], [PLACE_RELATIONSHIP_TYPE_CODE], [PLACE_RELATIONSHIP_TYPE_NAME], [PLACE_RELATIONSHIP_TYPE_DESCRIPTION]) VALUES (CAST(-2 AS Numeric(12, 0)), N'-2', N'To be regularized', N'Value not present in reference data')
INSERT ZRAD.[PLACE_RELATIONSHIP_TYPE_DIMENSION] ([PLACE_RELATIONSHIP_TYPE_ANCHOR_IDENTIFIER], [PLACE_RELATIONSHIP_TYPE_CODE], [PLACE_RELATIONSHIP_TYPE_NAME], [PLACE_RELATIONSHIP_TYPE_DESCRIPTION]) VALUES (CAST(-1 AS Numeric(12, 0)), N'-1', N'Not applicable', N'Not applicable')
END

IF (SELECT COUNT(*) FROM ZRAD.[PLACE_RELATIONSHIP_DIMENSION])=0
BEGIN
INSERT ZRAD.[PLACE_RELATIONSHIP_DIMENSION] ([PLACE_IDENTIFIER], [PLACE_RELATIONSHIP_IDENTIFIER], [PLACE_RELATIONSHIP_TYPE_IDENTIFIER]) VALUES (CAST(-3 AS Numeric(12, 0)), CAST(-3 AS Numeric(12, 0)), CAST(-3 AS Numeric(12, 0)))
INSERT ZRAD.[PLACE_RELATIONSHIP_DIMENSION] ([PLACE_IDENTIFIER], [PLACE_RELATIONSHIP_IDENTIFIER], [PLACE_RELATIONSHIP_TYPE_IDENTIFIER]) VALUES (CAST(-2 AS Numeric(12, 0)), CAST(-2 AS Numeric(12, 0)), CAST(-2 AS Numeric(12, 0)))
INSERT ZRAD.[PLACE_RELATIONSHIP_DIMENSION] ([PLACE_IDENTIFIER], [PLACE_RELATIONSHIP_IDENTIFIER], [PLACE_RELATIONSHIP_TYPE_IDENTIFIER]) VALUES (CAST(-1 AS Numeric(12, 0)), CAST(-1 AS Numeric(12, 0)), CAST(-1 AS Numeric(12, 0)))
END




IF (SELECT COUNT(*) FROM ZRAD.[RESERVE_CLASS_LINE_BUSINESS_RELATIONSHIP_DIMENSION])=0
BEGIN
INSERT ZRAD.[RESERVE_CLASS_LINE_BUSINESS_RELATIONSHIP_DIMENSION] ([LINE_BUSINESS_ANCHOR_IDENTIFIER], [RESERVE_CLASS_ANCHOR_IDENTIFIER]) VALUES (CAST(-3 AS Numeric(12, 0)), CAST(-3 AS Numeric(12, 0)))
INSERT ZRAD.[RESERVE_CLASS_LINE_BUSINESS_RELATIONSHIP_DIMENSION] ([LINE_BUSINESS_ANCHOR_IDENTIFIER], [RESERVE_CLASS_ANCHOR_IDENTIFIER]) VALUES (CAST(-2 AS Numeric(12, 0)), CAST(-2 AS Numeric(12, 0)))
INSERT ZRAD.[RESERVE_CLASS_LINE_BUSINESS_RELATIONSHIP_DIMENSION] ([LINE_BUSINESS_ANCHOR_IDENTIFIER], [RESERVE_CLASS_ANCHOR_IDENTIFIER]) VALUES (CAST(-1 AS Numeric(12, 0)), CAST(-1 AS Numeric(12, 0)))
END


IF (SELECT COUNT(*) FROM ZRAD.[RESERVE_CLASS_RELATIONSHIP_DIMENSION])=0
BEGIN
INSERT ZRAD.[RESERVE_CLASS_RELATIONSHIP_DIMENSION] ([RESERVE_CLASS_IDENTIFIER], [RESERVE_CLASS_RELATIONSHIP_IDENTIFIER], [RECORD_INCLUSION_DATE], [RECORD_UPDATE_DATE], [RESERVE_CLASS_LEVEL_IDENTIFIER]) VALUES (CAST(-3 AS Numeric(12, 0)), CAST(-3 AS Numeric(12, 0)), GETDATE(), GETDATE(), CAST(-3 AS Numeric(12, 0)))
INSERT ZRAD.[RESERVE_CLASS_RELATIONSHIP_DIMENSION] ([RESERVE_CLASS_IDENTIFIER], [RESERVE_CLASS_RELATIONSHIP_IDENTIFIER], [RECORD_INCLUSION_DATE], [RECORD_UPDATE_DATE], [RESERVE_CLASS_LEVEL_IDENTIFIER]) VALUES (CAST(-2 AS Numeric(12, 0)), CAST(-2 AS Numeric(12, 0)), GETDATE(), GETDATE(), CAST(-2 AS Numeric(12, 0)))
INSERT ZRAD.[RESERVE_CLASS_RELATIONSHIP_DIMENSION] ([RESERVE_CLASS_IDENTIFIER], [RESERVE_CLASS_RELATIONSHIP_IDENTIFIER], [RECORD_INCLUSION_DATE], [RECORD_UPDATE_DATE], [RESERVE_CLASS_LEVEL_IDENTIFIER]) VALUES (CAST(-1 AS Numeric(12, 0)), CAST(-1 AS Numeric(12, 0)), GETDATE(), GETDATE(), CAST(-1 AS Numeric(12, 0)))
END


IF (SELECT COUNT(*) FROM ZRAD.[RESERVE_SEGMENT_RELATIONSHIP_DIMENSION])=0
BEGIN
INSERT ZRAD.[RESERVE_SEGMENT_RELATIONSHIP_DIMENSION] ([RESERVE_SEGMENT_IDENTIFIER], [RESERVE_SEGMENT_RELATIONSHIP_IDENTIFIER], [RESERVE_SEGMENT_RELATIONSHIP_TYPE_IDENTIFIER], [RECORD_INCLUSION_DATE], [RECORD_UPDATE_DATE]) VALUES (CAST(-3 AS Numeric(12, 0)), CAST(-3 AS Numeric(12, 0)), CAST(-3 AS Numeric(12, 0)), GETDATE(), GETDATE())
INSERT ZRAD.[RESERVE_SEGMENT_RELATIONSHIP_DIMENSION] ([RESERVE_SEGMENT_IDENTIFIER], [RESERVE_SEGMENT_RELATIONSHIP_IDENTIFIER], [RESERVE_SEGMENT_RELATIONSHIP_TYPE_IDENTIFIER], [RECORD_INCLUSION_DATE], [RECORD_UPDATE_DATE]) VALUES (CAST(-2 AS Numeric(12, 0)), CAST(-2 AS Numeric(12, 0)), CAST(-2 AS Numeric(12, 0)), GETDATE(), GETDATE())
INSERT ZRAD.[RESERVE_SEGMENT_RELATIONSHIP_DIMENSION] ([RESERVE_SEGMENT_IDENTIFIER], [RESERVE_SEGMENT_RELATIONSHIP_IDENTIFIER], [RESERVE_SEGMENT_RELATIONSHIP_TYPE_IDENTIFIER], [RECORD_INCLUSION_DATE], [RECORD_UPDATE_DATE]) VALUES (CAST(-1 AS Numeric(12, 0)), CAST(-1 AS Numeric(12, 0)), CAST(-1 AS Numeric(12, 0)), GETDATE(), GETDATE())
END


IF (SELECT COUNT(*) FROM ZRAD.[RISK_TYPE_RELATIONSHIP_DIMENSION])=0
BEGIN
INSERT ZRAD.[RISK_TYPE_RELATIONSHIP_DIMENSION] ([RISK_TYPE_IDENTIFIER], [RISK_TYPE_RELATIONSHIP_IDENTIFIER], [RECORD_INCLUSION_DATE], [RECORD_UPDATE_DATE], [RISK_TYPE_RELATIONSHIP_TYPE_IDENTIFIER]) VALUES (CAST(-3 AS Numeric(12, 0)), CAST(-3 AS Numeric(12, 0)), GETDATE(), GETDATE(), CAST(-3 AS Numeric(12, 0)))
INSERT ZRAD.[RISK_TYPE_RELATIONSHIP_DIMENSION] ([RISK_TYPE_IDENTIFIER], [RISK_TYPE_RELATIONSHIP_IDENTIFIER], [RECORD_INCLUSION_DATE], [RECORD_UPDATE_DATE], [RISK_TYPE_RELATIONSHIP_TYPE_IDENTIFIER]) VALUES (CAST(-2 AS Numeric(12, 0)), CAST(-2 AS Numeric(12, 0)), GETDATE(), GETDATE(), CAST(-2 AS Numeric(12, 0)))
INSERT ZRAD.[RISK_TYPE_RELATIONSHIP_DIMENSION] ([RISK_TYPE_IDENTIFIER], [RISK_TYPE_RELATIONSHIP_IDENTIFIER], [RECORD_INCLUSION_DATE], [RECORD_UPDATE_DATE], [RISK_TYPE_RELATIONSHIP_TYPE_IDENTIFIER]) VALUES (CAST(-1 AS Numeric(12, 0)), CAST(-1 AS Numeric(12, 0)), GETDATE(), GETDATE(), CAST(-1 AS Numeric(12, 0)))
END


IF (SELECT COUNT(*) FROM ZRAD.[SUB_LINE_BUSINESS_DIMENSION])=0
BEGIN
INSERT ZRAD.[SUB_LINE_BUSINESS_DIMENSION] ([SUB_LINE_BUSINESS_ANCHOR_IDENTIFIER], [SUB_LINE_BUSINESS_CODE], [SUB_LINE_BUSINESS_NAME], [SUB_LINE_BUSINESS_DESCRIPTION], [LINE_BUSINESS_IDENTIFIER], [RECORD_INCLUSION_DATE], [RECORD_UPDATE_DATE], [SOURCE_SYSTEM_IDENTIFIER]) VALUES (CAST(-3 AS Numeric(12, 0)), N'-3', N'Missing value', N'Value missing in source data', CAST(-3 AS Numeric(12, 0)), GETDATE(), GETDATE(), CAST(-3 AS Numeric(12, 0)))
INSERT ZRAD.[SUB_LINE_BUSINESS_DIMENSION] ([SUB_LINE_BUSINESS_ANCHOR_IDENTIFIER], [SUB_LINE_BUSINESS_CODE], [SUB_LINE_BUSINESS_NAME], [SUB_LINE_BUSINESS_DESCRIPTION], [LINE_BUSINESS_IDENTIFIER], [RECORD_INCLUSION_DATE], [RECORD_UPDATE_DATE], [SOURCE_SYSTEM_IDENTIFIER]) VALUES (CAST(-2 AS Numeric(12, 0)), N'-2', N'To be regularized', N'Value not present in reference data', CAST(-2 AS Numeric(12, 0)), GETDATE(), GETDATE(), CAST(-2 AS Numeric(12, 0)))
INSERT ZRAD.[SUB_LINE_BUSINESS_DIMENSION] ([SUB_LINE_BUSINESS_ANCHOR_IDENTIFIER], [SUB_LINE_BUSINESS_CODE], [SUB_LINE_BUSINESS_NAME], [SUB_LINE_BUSINESS_DESCRIPTION], [LINE_BUSINESS_IDENTIFIER], [RECORD_INCLUSION_DATE], [RECORD_UPDATE_DATE], [SOURCE_SYSTEM_IDENTIFIER]) VALUES (CAST(-1 AS Numeric(12, 0)), N'-1', N'Not applicable', N'Not applicable', CAST(-1 AS Numeric(12, 0)), GETDATE(), GETDATE(), CAST(-1 AS Numeric(12, 0)))
END


IF (SELECT COUNT(*) FROM ZRAD.[CLAIM_DIMENSION])=0
BEGIN
INSERT ZRAD.[CLAIM_DIMENSION] ([CLAIM_ANCHOR_IDENTIFIER], [CLAIM_NUMBER], [CLAIMANT_SEQUENCE_NUMBER], [UNDERWRITING_ENDORSEMENT_IDENTIFIER], [RECORD_INCLUSION_DATE], [RECORD_UPDATE_DATE], [NOTICE_CLAIM_NUMBER], [CLAIM_OPEN_NUMBER], [PARTICIPATION_CLAIM_NUMBER], [INSURANCE_LINE_IDENTIFIER], [CLAIM_REOPEN_INDICATOR_IDENTIFIER], [SOURCE_SYSTEM_IDENTIFIER], [CLAIM_GENERATE_YEAR_IDENTIFIER], [CURRENT_CLAIM_STATUS_IDENTIFIER], [CLAIM_BRANCH_IDENTIFIER], [INSURANCE_COMPANY_IDENTIFIER], [MAIN_CLAIM_IDENTIFIER], [MAIN_CLAIM_INDICATOR_IDENTIFIER], [CLAIM_EVENT_IDENTIFIER]) VALUES (CAST(-3 AS Numeric(12, 0)), N'-3', CAST(-3 AS Numeric(12, 0)), CAST(-3 AS Numeric(12, 0)), GETDATE(), GETDATE(), CAST(-3 AS Numeric(9, 0)), CAST(-3 AS Numeric(3, 0)), CAST(-3 AS Numeric(2, 0)), CAST(-3 AS Numeric(12, 0)), CAST(-3 AS Numeric(3, 0)), CAST(-3 AS Numeric(12, 0)), CAST(-3 AS Numeric(12, 0)), CAST(-3 AS Numeric(12, 0)), CAST(-3 AS Numeric(12, 0)), CAST(-3 AS Numeric(12, 0)), CAST(-3 AS Numeric(12, 0)), CAST(-3 AS Numeric(3, 0)), CAST(-3 AS Numeric(12, 0)))
INSERT ZRAD.[CLAIM_DIMENSION] ([CLAIM_ANCHOR_IDENTIFIER], [CLAIM_NUMBER], [CLAIMANT_SEQUENCE_NUMBER], [UNDERWRITING_ENDORSEMENT_IDENTIFIER], [RECORD_INCLUSION_DATE], [RECORD_UPDATE_DATE], [NOTICE_CLAIM_NUMBER], [CLAIM_OPEN_NUMBER], [PARTICIPATION_CLAIM_NUMBER], [INSURANCE_LINE_IDENTIFIER], [CLAIM_REOPEN_INDICATOR_IDENTIFIER], [SOURCE_SYSTEM_IDENTIFIER], [CLAIM_GENERATE_YEAR_IDENTIFIER], [CURRENT_CLAIM_STATUS_IDENTIFIER], [CLAIM_BRANCH_IDENTIFIER], [INSURANCE_COMPANY_IDENTIFIER], [MAIN_CLAIM_IDENTIFIER], [MAIN_CLAIM_INDICATOR_IDENTIFIER], [CLAIM_EVENT_IDENTIFIER]) VALUES (CAST(-2 AS Numeric(12, 0)), N'-2', CAST(-2 AS Numeric(12, 0)), CAST(-2 AS Numeric(12, 0)), GETDATE(), GETDATE(), CAST(-2 AS Numeric(9, 0)), CAST(-2 AS Numeric(3, 0)), CAST(-2 AS Numeric(2, 0)), CAST(-2 AS Numeric(12, 0)), CAST(-2 AS Numeric(3, 0)), CAST(-2 AS Numeric(12, 0)), CAST(-2 AS Numeric(12, 0)), CAST(-2 AS Numeric(12, 0)), CAST(-2 AS Numeric(12, 0)), CAST(-2 AS Numeric(12, 0)), CAST(-2 AS Numeric(12, 0)), CAST(-2 AS Numeric(3, 0)), CAST(-2 AS Numeric(12, 0)))
INSERT ZRAD.[CLAIM_DIMENSION] ([CLAIM_ANCHOR_IDENTIFIER], [CLAIM_NUMBER], [CLAIMANT_SEQUENCE_NUMBER], [UNDERWRITING_ENDORSEMENT_IDENTIFIER], [RECORD_INCLUSION_DATE], [RECORD_UPDATE_DATE], [NOTICE_CLAIM_NUMBER], [CLAIM_OPEN_NUMBER], [PARTICIPATION_CLAIM_NUMBER], [INSURANCE_LINE_IDENTIFIER], [CLAIM_REOPEN_INDICATOR_IDENTIFIER], [SOURCE_SYSTEM_IDENTIFIER], [CLAIM_GENERATE_YEAR_IDENTIFIER], [CURRENT_CLAIM_STATUS_IDENTIFIER], [CLAIM_BRANCH_IDENTIFIER], [INSURANCE_COMPANY_IDENTIFIER], [MAIN_CLAIM_IDENTIFIER], [MAIN_CLAIM_INDICATOR_IDENTIFIER], [CLAIM_EVENT_IDENTIFIER]) VALUES (CAST(-1 AS Numeric(12, 0)), N'-1', CAST(-1 AS Numeric(12, 0)), CAST(-1 AS Numeric(12, 0)), GETDATE(), GETDATE(), CAST(-1 AS Numeric(9, 0)), CAST(-1 AS Numeric(3, 0)), CAST(-1 AS Numeric(2, 0)), CAST(-1 AS Numeric(12, 0)), CAST(-1 AS Numeric(3, 0)), CAST(-1 AS Numeric(12, 0)), CAST(-1 AS Numeric(12, 0)), CAST(-1 AS Numeric(12, 0)), CAST(-1 AS Numeric(12, 0)), CAST(-1 AS Numeric(12, 0)), CAST(-1 AS Numeric(12, 0)), CAST(-1 AS Numeric(3, 0)), CAST(-1 AS Numeric(12, 0)))
END